jurisdiction,year,subject,grade,group,score,source
WA,2003,mathematics,8,TOTAL:1,281,"OSPI/NCES 2024 Math State Snapshot, WA Grade 8"
NP,2003,mathematics,8,TOTAL:1,276,"OSPI/NCES 2024 Math State Snapshot, WA Grade 8"
WA,2019,mathematics,8,TOTAL:1,285.8,"WA State Board of Education, 2019 NAEP release"
NP,2019,mathematics,8,TOTAL:1,281.0,"WA State Board of Education, 2019 NAEP release"
WA,2022,mathematics,8,TOTAL:1,276,"OSPI/NCES 2024 Math State Snapshot, WA Grade 8"
NP,2022,mathematics,8,TOTAL:1,273,"OSPI/NCES 2024 Math State Snapshot, WA Grade 8"
WA,2024,mathematics,8,TOTAL:1,274,"OSPI/NCES 2024 Math State Snapshot, WA Grade 8"
NP,2024,mathematics,8,TOTAL:1,272,"OSPI/NCES 2024 Math State Snapshot, WA Grade 8"
WA,2019,reading,8,TOTAL:1,266.3,"WA State Board of Education, 2019 NAEP release"
NP,2019,reading,8,TOTAL:1,262.0,"WA State Board of Education, 2019 NAEP release"
WA,2019,mathematics,4,TOTAL:1,239.5,"WA State Board of Education, 2019 NAEP release"
NP,2019,mathematics,4,TOTAL:1,240.0,"WA State Board of Education, 2019 NAEP release"
WA,2019,reading,4,TOTAL:1,219.7,"WA State Board of Education, 2019 NAEP release"
NP,2019,reading,4,TOTAL:1,219.7,"WA State Board of Education, 2019 NAEP release"
WA,2019,mathematics,8,SDRACE:3,267,"NCES 2019 Mathematics State Snapshot Report, Washington Grade 8 Public Schools (NCES 2020-013)"
WA,2019,mathematics,8,SLUNCH3:1,268,"NCES 2019 Mathematics State Snapshot Report, Washington Grade 8 Public Schools (NCES 2020-013)"
OR,2019,mathematics,8,SDRACE:3,258,"NCES 2019 Mathematics State Snapshot Report, Oregon Grade 8 Public Schools (NCES 2020-013)"
OR,2019,mathematics,8,SLUNCH3:1,267,"NCES 2019 Mathematics State Snapshot Report, Oregon Grade 8 Public Schools (NCES 2020-013)"
WA,2017,reading,4,TOTAL:1,223,"NCES 2019 Reading State Snapshot Report, Washington Grade 4 Public Schools (NCES 2020-014)"
MS,2019,reading,4,TOTAL:1,219,"NCES 2019 Reading State Snapshot Report, Mississippi Grade 4 Public Schools (NCES 2020-014)"
