ospi_code,leaid,district,rf_cis_2019,rf_cis_2020,rf_cis_2021,rf_cis_2022,rf_cis_2023,rf_admin_2019,rf_admin_2020,rf_admin_2021,rf_admin_2022,rf_admin_2023,experience_adj,edge_adj,source
01109,5309570,Washtucna,1.00,1.00,1.00,1.00,1.00,1.00,1.00,1.00,1.00,1.00,0,0,"LEAP Document 3, Regionalization Factors for K-12 Compensation, As Passed Legislature, 2018 Supplemental Omnibus Operating Budget, 2018-03-06 (fiscal.wa.gov/leapdocs/2018L3.pdf); experience flag from italics"
01122,5300450,Benge,1.00,1.00,1.00,1.00,1.00,1.00,1.00,1.00,1.00,1.00,0,0,"LEAP Document 3, Regionalization Factors for K-12 Compensation, As Passed Legislature, 2018 Supplemental Omnibus Operating Budget, 2018-03-06 (fiscal.wa.gov/leapdocs/2018L3.pdf); experience flag from italics"
01147,5306480,Othello,1.00,1.00,1.00,1.00,1.00,1.00,1.00,1.00,1.00,1.00,0,0,"LEAP Document 3, Regionalization Factors for K-12 Compensation, As Passed Legislature, 2018 Supplemental Omnibus Operating Budget, 2018-03-06 (fiscal.wa.gov/leapdocs/2018L3.pdf); experience flag from italics"
01158,5304410,Lind,1.00,1.00,1.00,1.00,1.00,1.00,1.00,1.00,1.00,1.00,0,0,"LEAP Document 3, Regionalization Factors for K-12 Compensation, As Passed Legislature, 2018 Supplemental Omnibus Operating Budget, 2018-03-06 (fiscal.wa.gov/leapdocs/2018L3.pdf); experience flag from italics"
01160,5307380,Ritzville,1.00,1.04,1.04,1.04,1.04,1.00,1.00,1.00,1.00,1.00,1,0,"LEAP Document 3, Regionalization Factors for K-12 Compensation, As Passed Legislature, 2018 Supplemental Omnibus Operating Budget, 2018-03-06 (fiscal.wa.gov/leapdocs/2018L3.pdf); experience flag from italics"
02250,5301320,Clarkston,1.00,1.00,1.00,1.00,1.00,1.00,1.00,1.00,1.00,1.00,0,0,"LEAP Document 3, Regionalization Factors for K-12 Compensation, As Passed Legislature, 2018 Supplemental Omnibus Operating Budget, 2018-03-06 (fiscal.wa.gov/leapdocs/2018L3.pdf); experience flag from italics"
02420,5300280,Asotin-Anatone,1.00,1.00,1.00,1.00,1.00,1.00,1.00,1.00,1.00,1.00,0,0,"LEAP Document 3, Regionalization Factors for K-12 Compensation, As Passed Legislature, 2018 Supplemental Omnibus Operating Budget, 2018-03-06 (fiscal.wa.gov/leapdocs/2018L3.pdf); experience flag from italics"
03017,5303930,Kennewick,1.00,1.00,1.00,1.00,1.00,1.00,1.00,1.00,1.00,1.00,0,0,"LEAP Document 3, Regionalization Factors for K-12 Compensation, As Passed Legislature, 2018 Supplemental Omnibus Operating Budget, 2018-03-06 (fiscal.wa.gov/leapdocs/2018L3.pdf); experience flag from italics"
03050,5306630,Paterson,1.00,1.00,1.00,1.00,1.00,1.00,1.00,1.00,1.00,1.00,0,0,"LEAP Document 3, Regionalization Factors for K-12 Compensation, As Passed Legislature, 2018 Supplemental Omnibus Operating Budget, 2018-03-06 (fiscal.wa.gov/leapdocs/2018L3.pdf); experience flag from italics"
03052,5304020,Kiona-Benton City,1.00,1.00,1.00,1.00,1.00,1.00,1.00,1.00,1.00,1.00,0,0,"LEAP Document 3, Regionalization Factors for K-12 Compensation, As Passed Legislature, 2018 Supplemental Omnibus Operating Budget, 2018-03-06 (fiscal.wa.gov/leapdocs/2018L3.pdf); experience flag from italics"
03053,5302910,Finley,1.00,1.00,1.00,1.00,1.00,1.00,1.00,1.00,1.00,1.00,0,0,"LEAP Document 3, Regionalization Factors for K-12 Compensation, As Passed Legislature, 2018 Supplemental Omnibus Operating Budget, 2018-03-06 (fiscal.wa.gov/leapdocs/2018L3.pdf); experience flag from italics"
03116,5306900,Prosser,1.00,1.00,1.00,1.00,1.00,1.00,1.00,1.00,1.00,1.00,0,0,"LEAP Document 3, Regionalization Factors for K-12 Compensation, As Passed Legislature, 2018 Supplemental Omnibus Operating Budget, 2018-03-06 (fiscal.wa.gov/leapdocs/2018L3.pdf); experience flag from italics"
03400,5307320,Richland,1.06,1.06,1.05,1.04,1.03,1.06,1.06,1.05,1.04,1.03,0,0,"LEAP Document 3, Regionalization Factors for K-12 Compensation, As Passed Legislature, 2018 Supplemental Omnibus Operating Budget, 2018-03-06 (fiscal.wa.gov/leapdocs/2018L3.pdf); experience flag from italics"
04019,5304740,Manson,1.00,1.00,1.00,1.00,1.00,1.00,1.00,1.00,1.00,1.00,0,0,"LEAP Document 3, Regionalization Factors for K-12 Compensation, As Passed Legislature, 2018 Supplemental Omnibus Operating Budget, 2018-03-06 (fiscal.wa.gov/leapdocs/2018L3.pdf); experience flag from italics"
04069,5308430,Stehekin,1.06,1.06,1.05,1.04,1.03,1.06,1.06,1.05,1.04,1.03,0,0,"LEAP Document 3, Regionalization Factors for K-12 Compensation, As Passed Legislature, 2018 Supplemental Omnibus Operating Budget, 2018-03-06 (fiscal.wa.gov/leapdocs/2018L3.pdf); experience flag from italics"
04127,5302550,Entiat,1.00,1.04,1.04,1.04,1.04,1.00,1.00,1.00,1.00,1.00,1,0,"LEAP Document 3, Regionalization Factors for K-12 Compensation, As Passed Legislature, 2018 Supplemental Omnibus Operating Budget, 2018-03-06 (fiscal.wa.gov/leapdocs/2018L3.pdf); experience flag from italics"
04129,5301200,Lake Chelan,1.00,1.00,1.00,1.00,1.00,1.00,1.00,1.00,1.00,1.00,0,0,"LEAP Document 3, Regionalization Factors for K-12 Compensation, As Passed Legislature, 2018 Supplemental Omnibus Operating Budget, 2018-03-06 (fiscal.wa.gov/leapdocs/2018L3.pdf); experience flag from italics"
04222,5300960,Cashmere,1.00,1.04,1.04,1.04,1.04,1.00,1.00,1.00,1.00,1.00,1,0,"LEAP Document 3, Regionalization Factors for K-12 Compensation, As Passed Legislature, 2018 Supplemental Omnibus Operating Budget, 2018-03-06 (fiscal.wa.gov/leapdocs/2018L3.pdf); experience flag from italics"
04228,5300950,Cascade,1.00,1.00,1.00,1.00,1.00,1.00,1.00,1.00,1.00,1.00,0,0,"LEAP Document 3, Regionalization Factors for K-12 Compensation, As Passed Legislature, 2018 Supplemental Omnibus Operating Budget, 2018-03-06 (fiscal.wa.gov/leapdocs/2018L3.pdf); experience flag from italics"
04246,5309660,Wenatchee,1.06,1.06,1.05,1.04,1.03,1.06,1.06,1.05,1.04,1.03,0,0,"LEAP Document 3, Regionalization Factors for K-12 Compensation, As Passed Legislature, 2018 Supplemental Omnibus Operating Budget, 2018-03-06 (fiscal.wa.gov/leapdocs/2018L3.pdf); experience flag from italics"
05121,5306820,Port Angeles,1.06,1.06,1.05,1.04,1.03,1.06,1.06,1.05,1.04,1.03,0,0,"LEAP Document 3, Regionalization Factors for K-12 Compensation, As Passed Legislature, 2018 Supplemental Omnibus Operating Budget, 2018-03-06 (fiscal.wa.gov/leapdocs/2018L3.pdf); experience flag from italics"
05313,5301830,Crescent,1.00,1.00,1.00,1.00,1.00,1.00,1.00,1.00,1.00,1.00,0,0,"LEAP Document 3, Regionalization Factors for K-12 Compensation, As Passed Legislature, 2018 Supplemental Omnibus Operating Budget, 2018-03-06 (fiscal.wa.gov/leapdocs/2018L3.pdf); experience flag from italics"
05323,5307830,Sequim,1.06,1.06,1.06,1.06,1.06,1.06,1.06,1.06,1.06,1.06,0,0,"LEAP Document 3, Regionalization Factors for K-12 Compensation, As Passed Legislature, 2018 Supplemental Omnibus Operating Budget, 2018-03-06 (fiscal.wa.gov/leapdocs/2018L3.pdf); experience flag from italics"
05401,5300840,Cape Flattery,1.00,1.00,1.00,1.00,1.00,1.00,1.00,1.00,1.00,1.00,0,0,"LEAP Document 3, Regionalization Factors for K-12 Compensation, As Passed Legislature, 2018 Supplemental Omnibus Operating Budget, 2018-03-06 (fiscal.wa.gov/leapdocs/2018L3.pdf); experience flag from italics"
05402,5307020,Quillayute Valley,1.00,1.00,1.00,1.00,1.00,1.00,1.00,1.00,1.00,1.00,0,0,"LEAP Document 3, Regionalization Factors for K-12 Compensation, As Passed Legislature, 2018 Supplemental Omnibus Operating Budget, 2018-03-06 (fiscal.wa.gov/leapdocs/2018L3.pdf); experience flag from italics"
06037,5309270,Vancouver,1.06,1.06,1.06,1.06,1.06,1.06,1.06,1.06,1.06,1.06,0,0,"LEAP Document 3, Regionalization Factors for K-12 Compensation, As Passed Legislature, 2018 Supplemental Omnibus Operating Budget, 2018-03-06 (fiscal.wa.gov/leapdocs/2018L3.pdf); experience flag from italics"
06098,5303570,Hockinson,1.06,1.06,1.06,1.06,1.06,1.06,1.06,1.06,1.06,1.06,0,0,"LEAP Document 3, Regionalization Factors for K-12 Compensation, As Passed Legislature, 2018 Supplemental Omnibus Operating Budget, 2018-03-06 (fiscal.wa.gov/leapdocs/2018L3.pdf); experience flag from italics"
06101,5304170,La Center,1.06,1.10,1.10,1.10,1.10,1.06,1.06,1.06,1.06,1.06,1,0,"LEAP Document 3, Regionalization Factors for K-12 Compensation, As Passed Legislature, 2018 Supplemental Omnibus Operating Budget, 2018-03-06 (fiscal.wa.gov/leapdocs/2018L3.pdf); experience flag from italics"
06103,5303300,Green Mountain,1.00,1.00,1.00,1.00,1.00,1.00,1.00,1.00,1.00,1.00,0,0,"LEAP Document 3, Regionalization Factors for K-12 Compensation, As Passed Legislature, 2018 Supplemental Omnibus Operating Budget, 2018-03-06 (fiscal.wa.gov/leapdocs/2018L3.pdf); experience flag from italics"
06112,5309540,Washougal,1.06,1.06,1.06,1.06,1.06,1.06,1.06,1.06,1.06,1.06,0,1,"LEAP Document 3, Regionalization Factors for K-12 Compensation, As Passed Legislature, 2018 Supplemental Omnibus Operating Budget, 2018-03-06 (fiscal.wa.gov/leapdocs/2018L3.pdf); experience flag from italics"
06114,5302700,Evergreen (Clark),1.06,1.06,1.06,1.06,1.06,1.06,1.06,1.06,1.06,1.06,0,0,"LEAP Document 3, Regionalization Factors for K-12 Compensation, As Passed Legislature, 2018 Supplemental Omnibus Operating Budget, 2018-03-06 (fiscal.wa.gov/leapdocs/2018L3.pdf); experience flag from italics"
06117,5300810,Camas,1.12,1.12,1.11,1.10,1.09,1.12,1.12,1.11,1.10,1.09,0,0,"LEAP Document 3, Regionalization Factors for K-12 Compensation, As Passed Legislature, 2018 Supplemental Omnibus Operating Budget, 2018-03-06 (fiscal.wa.gov/leapdocs/2018L3.pdf); experience flag from italics"
06119,5300380,Battle Ground,1.06,1.06,1.06,1.06,1.06,1.06,1.06,1.06,1.06,1.06,0,0,"LEAP Document 3, Regionalization Factors for K-12 Compensation, As Passed Legislature, 2018 Supplemental Omnibus Operating Budget, 2018-03-06 (fiscal.wa.gov/leapdocs/2018L3.pdf); experience flag from italics"
06122,5307350,Ridgefield,1.06,1.06,1.06,1.06,1.06,1.06,1.06,1.06,1.06,1.06,0,0,"LEAP Document 3, Regionalization Factors for K-12 Compensation, As Passed Legislature, 2018 Supplemental Omnibus Operating Budget, 2018-03-06 (fiscal.wa.gov/leapdocs/2018L3.pdf); experience flag from italics"
07002,5302040,Dayton,1.00,1.00,1.00,1.00,1.00,1.00,1.00,1.00,1.00,1.00,0,0,"LEAP Document 3, Regionalization Factors for K-12 Compensation, As Passed Legislature, 2018 Supplemental Omnibus Operating Budget, 2018-03-06 (fiscal.wa.gov/leapdocs/2018L3.pdf); experience flag from italics"
07035,5308400,Starbuck,1.00,1.00,1.00,1.00,1.00,1.00,1.00,1.00,1.00,1.00,0,0,"LEAP Document 3, Regionalization Factors for K-12 Compensation, As Passed Legislature, 2018 Supplemental Omnibus Operating Budget, 2018-03-06 (fiscal.wa.gov/leapdocs/2018L3.pdf); experience flag from italics"
08122,5304470,Longview,1.00,1.00,1.00,1.00,1.00,1.00,1.00,1.00,1.00,1.00,0,0,"LEAP Document 3, Regionalization Factors for K-12 Compensation, As Passed Legislature, 2018 Supplemental Omnibus Operating Budget, 2018-03-06 (fiscal.wa.gov/leapdocs/2018L3.pdf); experience flag from italics"
08130,5309030,Toutle Lake,1.00,1.04,1.04,1.04,1.04,1.00,1.00,1.00,1.00,1.00,1,0,"LEAP Document 3, Regionalization Factors for K-12 Compensation, As Passed Legislature, 2018 Supplemental Omnibus Operating Budget, 2018-03-06 (fiscal.wa.gov/leapdocs/2018L3.pdf); experience flag from italics"
08401,5300990,Castle Rock,1.00,1.00,1.00,1.00,1.00,1.00,1.00,1.00,1.00,1.00,0,0,"LEAP Document 3, Regionalization Factors for K-12 Compensation, As Passed Legislature, 2018 Supplemental Omnibus Operating Budget, 2018-03-06 (fiscal.wa.gov/leapdocs/2018L3.pdf); experience flag from italics"
08402,5303810,Kalama,1.00,1.00,1.00,1.00,1.00,1.00,1.00,1.00,1.00,1.00,0,0,"LEAP Document 3, Regionalization Factors for K-12 Compensation, As Passed Legislature, 2018 Supplemental Omnibus Operating Budget, 2018-03-06 (fiscal.wa.gov/leapdocs/2018L3.pdf); experience flag from italics"
08404,5310050,Woodland,1.00,1.00,1.00,1.00,1.00,1.00,1.00,1.00,1.00,1.00,0,0,"LEAP Document 3, Regionalization Factors for K-12 Compensation, As Passed Legislature, 2018 Supplemental Omnibus Operating Budget, 2018-03-06 (fiscal.wa.gov/leapdocs/2018L3.pdf); experience flag from italics"
08458,5300003,Kelso,1.00,1.00,1.00,1.00,1.00,1.00,1.00,1.00,1.00,1.00,0,0,"LEAP Document 3, Regionalization Factors for K-12 Compensation, As Passed Legislature, 2018 Supplemental Omnibus Operating Budget, 2018-03-06 (fiscal.wa.gov/leapdocs/2018L3.pdf); experience flag from italics"
09013,5306390,Orondo,1.00,1.00,1.00,1.00,1.00,1.00,1.00,1.00,1.00,1.00,0,0,"LEAP Document 3, Regionalization Factors for K-12 Compensation, As Passed Legislature, 2018 Supplemental Omnibus Operating Budget, 2018-03-06 (fiscal.wa.gov/leapdocs/2018L3.pdf); experience flag from italics"
09075,5300720,Bridgeport,1.00,1.00,1.00,1.00,1.00,1.00,1.00,1.00,1.00,1.00,0,0,"LEAP Document 3, Regionalization Factors for K-12 Compensation, As Passed Legislature, 2018 Supplemental Omnibus Operating Budget, 2018-03-06 (fiscal.wa.gov/leapdocs/2018L3.pdf); experience flag from italics"
09102,5306510,Palisades,1.00,1.00,1.00,1.00,1.00,1.00,1.00,1.00,1.00,1.00,0,0,"LEAP Document 3, Regionalization Factors for K-12 Compensation, As Passed Legislature, 2018 Supplemental Omnibus Operating Budget, 2018-03-06 (fiscal.wa.gov/leapdocs/2018L3.pdf); experience flag from italics"
09206,5302310,Eastmont,1.00,1.00,1.00,1.00,1.00,1.00,1.00,1.00,1.00,1.00,0,0,"LEAP Document 3, Regionalization Factors for K-12 Compensation, As Passed Legislature, 2018 Supplemental Omnibus Operating Budget, 2018-03-06 (fiscal.wa.gov/leapdocs/2018L3.pdf); experience flag from italics"
09207,5304710,Mansfield,1.00,1.00,1.00,1.00,1.00,1.00,1.00,1.00,1.00,1.00,0,0,"LEAP Document 3, Regionalization Factors for K-12 Compensation, As Passed Legislature, 2018 Supplemental Omnibus Operating Budget, 2018-03-06 (fiscal.wa.gov/leapdocs/2018L3.pdf); experience flag from italics"
09209,5309600,Waterville,1.00,1.00,1.00,1.00,1.00,1.00,1.00,1.00,1.00,1.00,0,0,"LEAP Document 3, Regionalization Factors for K-12 Compensation, As Passed Legislature, 2018 Supplemental Omnibus Operating Budget, 2018-03-06 (fiscal.wa.gov/leapdocs/2018L3.pdf); experience flag from italics"
10003,5303870,Keller,1.00,1.00,1.00,1.00,1.00,1.00,1.00,1.00,1.00,1.00,0,0,"LEAP Document 3, Regionalization Factors for K-12 Compensation, As Passed Legislature, 2018 Supplemental Omnibus Operating Budget, 2018-03-06 (fiscal.wa.gov/leapdocs/2018L3.pdf); experience flag from italics"
10050,5301890,Curlew,1.00,1.04,1.04,1.04,1.04,1.00,1.00,1.00,1.00,1.00,1,0,"LEAP Document 3, Regionalization Factors for K-12 Compensation, As Passed Legislature, 2018 Supplemental Omnibus Operating Budget, 2018-03-06 (fiscal.wa.gov/leapdocs/2018L3.pdf); experience flag from italics"
10065,5306360,Orient,1.00,1.04,1.04,1.04,1.04,1.00,1.00,1.00,1.00,1.00,1,0,"LEAP Document 3, Regionalization Factors for K-12 Compensation, As Passed Legislature, 2018 Supplemental Omnibus Operating Budget, 2018-03-06 (fiscal.wa.gov/leapdocs/2018L3.pdf); experience flag from italics"
10070,5300002,Inchelium,1.00,1.00,1.00,1.00,1.00,1.00,1.00,1.00,1.00,1.00,0,0,"LEAP Document 3, Regionalization Factors for K-12 Compensation, As Passed Legislature, 2018 Supplemental Omnibus Operating Budget, 2018-03-06 (fiscal.wa.gov/leapdocs/2018L3.pdf); experience flag from italics"
10309,5307260,Republic,1.00,1.04,1.04,1.04,1.04,1.00,1.00,1.00,1.00,1.00,1,0,"LEAP Document 3, Regionalization Factors for K-12 Compensation, As Passed Legislature, 2018 Supplemental Omnibus Operating Budget, 2018-03-06 (fiscal.wa.gov/leapdocs/2018L3.pdf); experience flag from italics"
11001,5306570,Pasco,1.00,1.00,1.00,1.00,1.00,1.00,1.00,1.00,1.00,1.00,0,0,"LEAP Document 3, Regionalization Factors for K-12 Compensation, As Passed Legislature, 2018 Supplemental Omnibus Operating Budget, 2018-03-06 (fiscal.wa.gov/leapdocs/2018L3.pdf); experience flag from italics"
11051,5305730,North Franklin,1.00,1.00,1.00,1.00,1.00,1.00,1.00,1.00,1.00,1.00,0,0,"LEAP Document 3, Regionalization Factors for K-12 Compensation, As Passed Legislature, 2018 Supplemental Omnibus Operating Budget, 2018-03-06 (fiscal.wa.gov/leapdocs/2018L3.pdf); experience flag from italics"
11054,5308370,Star,1.00,1.00,1.00,1.00,1.00,1.00,1.00,1.00,1.00,1.00,0,0,"LEAP Document 3, Regionalization Factors for K-12 Compensation, As Passed Legislature, 2018 Supplemental Omnibus Operating Budget, 2018-03-06 (fiscal.wa.gov/leapdocs/2018L3.pdf); experience flag from italics"
11056,5303780,Kahlotus,1.00,1.04,1.04,1.04,1.04,1.00,1.00,1.00,1.00,1.00,1,0,"LEAP Document 3, Regionalization Factors for K-12 Compensation, As Passed Legislature, 2018 Supplemental Omnibus Operating Budget, 2018-03-06 (fiscal.wa.gov/leapdocs/2018L3.pdf); experience flag from italics"
12110,5306780,Pomeroy,1.00,1.04,1.04,1.04,1.04,1.00,1.00,1.00,1.00,1.00,1,0,"LEAP Document 3, Regionalization Factors for K-12 Compensation, As Passed Legislature, 2018 Supplemental Omnibus Operating Budget, 2018-03-06 (fiscal.wa.gov/leapdocs/2018L3.pdf); experience flag from italics"
13073,5309360,Wahluke,1.00,1.00,1.00,1.00,1.00,1.00,1.00,1.00,1.00,1.00,0,0,"LEAP Document 3, Regionalization Factors for K-12 Compensation, As Passed Legislature, 2018 Supplemental Omnibus Operating Budget, 2018-03-06 (fiscal.wa.gov/leapdocs/2018L3.pdf); experience flag from italics"
13144,5307080,Quincy,1.00,1.00,1.00,1.00,1.00,1.00,1.00,1.00,1.00,1.00,0,0,"LEAP Document 3, Regionalization Factors for K-12 Compensation, As Passed Legislature, 2018 Supplemental Omnibus Operating Budget, 2018-03-06 (fiscal.wa.gov/leapdocs/2018L3.pdf); experience flag from italics"
13146,5309510,Warden,1.00,1.00,1.00,1.00,1.00,1.00,1.00,1.00,1.00,1.00,0,0,"LEAP Document 3, Regionalization Factors for K-12 Compensation, As Passed Legislature, 2018 Supplemental Omnibus Operating Budget, 2018-03-06 (fiscal.wa.gov/leapdocs/2018L3.pdf); experience flag from italics"
13151,5303440,Coulee-Hartline,1.00,1.00,1.00,1.00,1.00,1.00,1.00,1.00,1.00,1.00,0,0,"LEAP Document 3, Regionalization Factors for K-12 Compensation, As Passed Legislature, 2018 Supplemental Omnibus Operating Budget, 2018-03-06 (fiscal.wa.gov/leapdocs/2018L3.pdf); experience flag from italics"
13156,5308070,Soap Lake,1.00,1.00,1.00,1.00,1.00,1.00,1.00,1.00,1.00,1.00,0,0,"LEAP Document 3, Regionalization Factors for K-12 Compensation, As Passed Legislature, 2018 Supplemental Omnibus Operating Budget, 2018-03-06 (fiscal.wa.gov/leapdocs/2018L3.pdf); experience flag from italics"
13160,5307620,Royal,1.00,1.00,1.00,1.00,1.00,1.00,1.00,1.00,1.00,1.00,0,0,"LEAP Document 3, Regionalization Factors for K-12 Compensation, As Passed Legislature, 2018 Supplemental Omnibus Operating Budget, 2018-03-06 (fiscal.wa.gov/leapdocs/2018L3.pdf); experience flag from italics"
13161,5305220,Moses Lake,1.06,1.06,1.05,1.04,1.03,1.06,1.06,1.05,1.04,1.03,0,0,"LEAP Document 3, Regionalization Factors for K-12 Compensation, As Passed Legislature, 2018 Supplemental Omnibus Operating Budget, 2018-03-06 (fiscal.wa.gov/leapdocs/2018L3.pdf); experience flag from italics"
13165,5302610,Ephrata,1.00,1.04,1.04,1.04,1.04,1.00,1.00,1.00,1.00,1.00,1,0,"LEAP Document 3, Regionalization Factors for K-12 Compensation, As Passed Legislature, 2018 Supplemental Omnibus Operating Budget, 2018-03-06 (fiscal.wa.gov/leapdocs/2018L3.pdf); experience flag from italics"
13167,5309900,Wilson Creek,1.00,1.04,1.04,1.04,1.04,1.00,1.00,1.00,1.00,1.00,1,0,"LEAP Document 3, Regionalization Factors for K-12 Compensation, As Passed Legislature, 2018 Supplemental Omnibus Operating Budget, 2018-03-06 (fiscal.wa.gov/leapdocs/2018L3.pdf); experience flag from italics"
13301,5303130,Grand Coulee Dam,1.00,1.00,1.00,1.00,1.00,1.00,1.00,1.00,1.00,1.00,0,0,"LEAP Document 3, Regionalization Factors for K-12 Compensation, As Passed Legislature, 2018 Supplemental Omnibus Operating Budget, 2018-03-06 (fiscal.wa.gov/leapdocs/2018L3.pdf); experience flag from italics"
14005,5300030,Aberdeen,1.00,1.00,1.00,1.00,1.00,1.00,1.00,1.00,1.00,1.00,0,0,"LEAP Document 3, Regionalization Factors for K-12 Compensation, As Passed Legislature, 2018 Supplemental Omnibus Operating Budget, 2018-03-06 (fiscal.wa.gov/leapdocs/2018L3.pdf); experience flag from italics"
14028,5303660,Hoquiam,1.00,1.00,1.00,1.00,1.00,1.00,1.00,1.00,1.00,1.00,0,0,"LEAP Document 3, Regionalization Factors for K-12 Compensation, As Passed Legislature, 2018 Supplemental Omnibus Operating Budget, 2018-03-06 (fiscal.wa.gov/leapdocs/2018L3.pdf); experience flag from italics"
14064,5305700,North Beach,1.00,1.00,1.00,1.00,1.00,1.00,1.00,1.00,1.00,1.00,0,0,"LEAP Document 3, Regionalization Factors for K-12 Compensation, As Passed Legislature, 2018 Supplemental Omnibus Operating Budget, 2018-03-06 (fiscal.wa.gov/leapdocs/2018L3.pdf); experience flag from italics"
14065,5304890,McCleary,1.00,1.00,1.00,1.00,1.00,1.00,1.00,1.00,1.00,1.00,0,0,"LEAP Document 3, Regionalization Factors for K-12 Compensation, As Passed Legislature, 2018 Supplemental Omnibus Operating Budget, 2018-03-06 (fiscal.wa.gov/leapdocs/2018L3.pdf); experience flag from italics"
14066,5305160,Montesano,1.00,1.04,1.04,1.04,1.04,1.00,1.00,1.00,1.00,1.00,1,0,"LEAP Document 3, Regionalization Factors for K-12 Compensation, As Passed Legislature, 2018 Supplemental Omnibus Operating Budget, 2018-03-06 (fiscal.wa.gov/leapdocs/2018L3.pdf); experience flag from italics"
14068,5302490,Elma,1.00,1.04,1.04,1.04,1.04,1.00,1.00,1.00,1.00,1.00,1,0,"LEAP Document 3, Regionalization Factors for K-12 Compensation, As Passed Legislature, 2018 Supplemental Omnibus Operating Budget, 2018-03-06 (fiscal.wa.gov/leapdocs/2018L3.pdf); experience flag from italics"
14077,5308730,Taholah,1.00,1.00,1.00,1.00,1.00,1.00,1.00,1.00,1.00,1.00,0,0,"LEAP Document 3, Regionalization Factors for K-12 Compensation, As Passed Legislature, 2018 Supplemental Omnibus Operating Budget, 2018-03-06 (fiscal.wa.gov/leapdocs/2018L3.pdf); experience flag from italics"
14097,5307050,Quinault,1.00,1.00,1.00,1.00,1.00,1.00,1.00,1.00,1.00,1.00,0,0,"LEAP Document 3, Regionalization Factors for K-12 Compensation, As Passed Legislature, 2018 Supplemental Omnibus Operating Budget, 2018-03-06 (fiscal.wa.gov/leapdocs/2018L3.pdf); experience flag from italics"
14099,5301710,Cosmopolis,1.00,1.00,1.00,1.00,1.00,1.00,1.00,1.00,1.00,1.00,0,0,"LEAP Document 3, Regionalization Factors for K-12 Compensation, As Passed Legislature, 2018 Supplemental Omnibus Operating Budget, 2018-03-06 (fiscal.wa.gov/leapdocs/2018L3.pdf); experience flag from italics"
14104,5307680,Satsop,1.00,1.00,1.00,1.00,1.00,1.00,1.00,1.00,1.00,1.00,0,0,"LEAP Document 3, Regionalization Factors for K-12 Compensation, As Passed Legislature, 2018 Supplemental Omnibus Operating Budget, 2018-03-06 (fiscal.wa.gov/leapdocs/2018L3.pdf); experience flag from italics"
14117,5309990,Wishkah Valley,1.00,1.00,1.00,1.00,1.00,1.00,1.00,1.00,1.00,1.00,0,0,"LEAP Document 3, Regionalization Factors for K-12 Compensation, As Passed Legislature, 2018 Supplemental Omnibus Operating Budget, 2018-03-06 (fiscal.wa.gov/leapdocs/2018L3.pdf); experience flag from italics"
14172,5306090,Ocosta,1.00,1.00,1.00,1.00,1.00,1.00,1.00,1.00,1.00,1.00,0,0,"LEAP Document 3, Regionalization Factors for K-12 Compensation, As Passed Legislature, 2018 Supplemental Omnibus Operating Budget, 2018-03-06 (fiscal.wa.gov/leapdocs/2018L3.pdf); experience flag from italics"
14400,5306000,Oakville,1.00,1.00,1.00,1.00,1.00,1.00,1.00,1.00,1.00,1.00,0,0,"LEAP Document 3, Regionalization Factors for K-12 Compensation, As Passed Legislature, 2018 Supplemental Omnibus Operating Budget, 2018-03-06 (fiscal.wa.gov/leapdocs/2018L3.pdf); experience flag from italics"
15201,5305940,Oak Harbor,1.12,1.12,1.12,1.12,1.12,1.12,1.12,1.12,1.12,1.12,0,0,"LEAP Document 3, Regionalization Factors for K-12 Compensation, As Passed Legislature, 2018 Supplemental Omnibus Operating Budget, 2018-03-06 (fiscal.wa.gov/leapdocs/2018L3.pdf); experience flag from italics"
15204,5301800,Coupeville,1.12,1.16,1.16,1.16,1.16,1.12,1.12,1.12,1.12,1.12,1,0,"LEAP Document 3, Regionalization Factors for K-12 Compensation, As Passed Legislature, 2018 Supplemental Omnibus Operating Budget, 2018-03-06 (fiscal.wa.gov/leapdocs/2018L3.pdf); experience flag from italics"
15206,5308190,South Whidbey,1.24,1.28,1.26,1.24,1.22,1.24,1.24,1.22,1.20,1.18,1,0,"LEAP Document 3, Regionalization Factors for K-12 Compensation, As Passed Legislature, 2018 Supplemental Omnibus Operating Budget, 2018-03-06 (fiscal.wa.gov/leapdocs/2018L3.pdf); experience flag from italics"
16020,5301380,Queets-Clearwater,1.00,1.00,1.00,1.00,1.00,1.00,1.00,1.00,1.00,1.00,0,0,"LEAP Document 3, Regionalization Factors for K-12 Compensation, As Passed Legislature, 2018 Supplemental Omnibus Operating Budget, 2018-03-06 (fiscal.wa.gov/leapdocs/2018L3.pdf); experience flag from italics"
16046,5300750,Brinnon,1.00,1.00,1.00,1.00,1.00,1.00,1.00,1.00,1.00,1.00,0,0,"LEAP Document 3, Regionalization Factors for K-12 Compensation, As Passed Legislature, 2018 Supplemental Omnibus Operating Budget, 2018-03-06 (fiscal.wa.gov/leapdocs/2018L3.pdf); experience flag from italics"
16048,5306990,Quilcene,1.06,1.06,1.06,1.06,1.06,1.06,1.06,1.06,1.06,1.06,0,1,"LEAP Document 3, Regionalization Factors for K-12 Compensation, As Passed Legislature, 2018 Supplemental Omnibus Operating Budget, 2018-03-06 (fiscal.wa.gov/leapdocs/2018L3.pdf); experience flag from italics"
16049,5301290,Chimacum,1.12,1.12,1.12,1.12,1.12,1.12,1.12,1.12,1.12,1.12,0,0,"LEAP Document 3, Regionalization Factors for K-12 Compensation, As Passed Legislature, 2018 Supplemental Omnibus Operating Budget, 2018-03-06 (fiscal.wa.gov/leapdocs/2018L3.pdf); experience flag from italics"
16050,5306840,Port Townsend,1.06,1.10,1.10,1.10,1.10,1.06,1.06,1.06,1.06,1.06,1,0,"LEAP Document 3, Regionalization Factors for K-12 Compensation, As Passed Legislature, 2018 Supplemental Omnibus Operating Budget, 2018-03-06 (fiscal.wa.gov/leapdocs/2018L3.pdf); experience flag from italics"
17001,5307710,Seattle,1.18,1.18,1.18,1.18,1.18,1.18,1.18,1.18,1.18,1.18,0,0,"LEAP Document 3, Regionalization Factors for K-12 Compensation, As Passed Legislature, 2018 Supplemental Omnibus Operating Budget, 2018-03-06 (fiscal.wa.gov/leapdocs/2018L3.pdf); experience flag from italics"
17210,5302820,Federal Way,1.12,1.12,1.12,1.12,1.12,1.12,1.12,1.12,1.12,1.12,0,0,"LEAP Document 3, Regionalization Factors for K-12 Compensation, As Passed Legislature, 2018 Supplemental Omnibus Operating Budget, 2018-03-06 (fiscal.wa.gov/leapdocs/2018L3.pdf); experience flag from italics"
17216,5300001,Enumclaw,1.12,1.16,1.16,1.16,1.16,1.12,1.12,1.12,1.12,1.12,1,0,"LEAP Document 3, Regionalization Factors for K-12 Compensation, As Passed Legislature, 2018 Supplemental Omnibus Operating Budget, 2018-03-06 (fiscal.wa.gov/leapdocs/2018L3.pdf); experience flag from italics"
17400,5304980,Mercer Island,1.18,1.18,1.18,1.18,1.18,1.18,1.18,1.18,1.18,1.18,0,0,"LEAP Document 3, Regionalization Factors for K-12 Compensation, As Passed Legislature, 2018 Supplemental Omnibus Operating Budget, 2018-03-06 (fiscal.wa.gov/leapdocs/2018L3.pdf); experience flag from italics"
17401,5303540,Highline,1.18,1.18,1.18,1.18,1.18,1.18,1.18,1.18,1.18,1.18,0,0,"LEAP Document 3, Regionalization Factors for K-12 Compensation, As Passed Legislature, 2018 Supplemental Omnibus Operating Budget, 2018-03-06 (fiscal.wa.gov/leapdocs/2018L3.pdf); experience flag from italics"
17402,5309300,Vashon Island,1.12,1.12,1.12,1.12,1.12,1.12,1.12,1.12,1.12,1.12,0,0,"LEAP Document 3, Regionalization Factors for K-12 Compensation, As Passed Legislature, 2018 Supplemental Omnibus Operating Budget, 2018-03-06 (fiscal.wa.gov/leapdocs/2018L3.pdf); experience flag from italics"
17403,5307230,Renton,1.18,1.18,1.18,1.18,1.18,1.18,1.18,1.18,1.18,1.18,0,0,"LEAP Document 3, Regionalization Factors for K-12 Compensation, As Passed Legislature, 2018 Supplemental Omnibus Operating Budget, 2018-03-06 (fiscal.wa.gov/leapdocs/2018L3.pdf); experience flag from italics"
17404,5307980,Skykomish,1.18,1.18,1.18,1.18,1.18,1.18,1.18,1.18,1.18,1.18,0,0,"LEAP Document 3, Regionalization Factors for K-12 Compensation, As Passed Legislature, 2018 Supplemental Omnibus Operating Budget, 2018-03-06 (fiscal.wa.gov/leapdocs/2018L3.pdf); experience flag from italics"
17405,5300390,Bellevue,1.18,1.18,1.18,1.18,1.18,1.18,1.18,1.18,1.18,1.18,0,0,"LEAP Document 3, Regionalization Factors for K-12 Compensation, As Passed Legislature, 2018 Supplemental Omnibus Operating Budget, 2018-03-06 (fiscal.wa.gov/leapdocs/2018L3.pdf); experience flag from italics"
17406,5308130,Tukwila,1.18,1.18,1.18,1.18,1.18,1.18,1.18,1.18,1.18,1.18,0,0,"LEAP Document 3, Regionalization Factors for K-12 Compensation, As Passed Legislature, 2018 Supplemental Omnibus Operating Budget, 2018-03-06 (fiscal.wa.gov/leapdocs/2018L3.pdf); experience flag from italics"
17407,5304560,Riverview,1.18,1.18,1.18,1.18,1.18,1.18,1.18,1.18,1.18,1.18,0,0,"LEAP Document 3, Regionalization Factors for K-12 Compensation, As Passed Legislature, 2018 Supplemental Omnibus Operating Budget, 2018-03-06 (fiscal.wa.gov/leapdocs/2018L3.pdf); experience flag from italics"
17408,5300300,Auburn,1.18,1.18,1.17,1.16,1.15,1.18,1.18,1.17,1.16,1.15,0,0,"LEAP Document 3, Regionalization Factors for K-12 Compensation, As Passed Legislature, 2018 Supplemental Omnibus Operating Budget, 2018-03-06 (fiscal.wa.gov/leapdocs/2018L3.pdf); experience flag from italics"
17409,5308760,Tahoma,1.18,1.22,1.22,1.22,1.22,1.18,1.18,1.18,1.18,1.18,1,0,"LEAP Document 3, Regionalization Factors for K-12 Compensation, As Passed Legislature, 2018 Supplemental Omnibus Operating Budget, 2018-03-06 (fiscal.wa.gov/leapdocs/2018L3.pdf); experience flag from italics"
17410,5308040,Snoqualmie Valley,1.18,1.18,1.18,1.18,1.18,1.18,1.18,1.18,1.18,1.18,0,0,"LEAP Document 3, Regionalization Factors for K-12 Compensation, As Passed Legislature, 2018 Supplemental Omnibus Operating Budget, 2018-03-06 (fiscal.wa.gov/leapdocs/2018L3.pdf); experience flag from italics"
17411,5303750,Issaquah,1.18,1.18,1.18,1.18,1.18,1.18,1.18,1.18,1.18,1.18,0,0,"LEAP Document 3, Regionalization Factors for K-12 Compensation, As Passed Legislature, 2018 Supplemental Omnibus Operating Budget, 2018-03-06 (fiscal.wa.gov/leapdocs/2018L3.pdf); experience flag from italics"
17412,5307920,Shoreline,1.24,1.24,1.22,1.20,1.18,1.24,1.24,1.22,1.20,1.18,0,0,"LEAP Document 3, Regionalization Factors for K-12 Compensation, As Passed Legislature, 2018 Supplemental Omnibus Operating Budget, 2018-03-06 (fiscal.wa.gov/leapdocs/2018L3.pdf); experience flag from italics"
17414,5304230,Lake Washington,1.18,1.18,1.18,1.18,1.18,1.18,1.18,1.18,1.18,1.18,0,0,"LEAP Document 3, Regionalization Factors for K-12 Compensation, As Passed Legislature, 2018 Supplemental Omnibus Operating Budget, 2018-03-06 (fiscal.wa.gov/leapdocs/2018L3.pdf); experience flag from italics"
17415,5303960,Kent,1.18,1.18,1.18,1.18,1.18,1.18,1.18,1.18,1.18,1.18,0,0,"LEAP Document 3, Regionalization Factors for K-12 Compensation, As Passed Legislature, 2018 Supplemental Omnibus Operating Budget, 2018-03-06 (fiscal.wa.gov/leapdocs/2018L3.pdf); experience flag from italics"
17417,5305910,Northshore,1.18,1.18,1.18,1.18,1.18,1.18,1.18,1.18,1.18,1.18,0,0,"LEAP Document 3, Regionalization Factors for K-12 Compensation, As Passed Legislature, 2018 Supplemental Omnibus Operating Budget, 2018-03-06 (fiscal.wa.gov/leapdocs/2018L3.pdf); experience flag from italics"
18100,5300660,Bremerton,1.18,1.18,1.18,1.18,1.18,1.18,1.18,1.18,1.18,1.18,0,0,"LEAP Document 3, Regionalization Factors for K-12 Compensation, As Passed Legislature, 2018 Supplemental Omnibus Operating Budget, 2018-03-06 (fiscal.wa.gov/leapdocs/2018L3.pdf); experience flag from italics"
18303,5300330,Bainbridge Island,1.18,1.18,1.18,1.18,1.18,1.18,1.18,1.18,1.18,1.18,0,0,"LEAP Document 3, Regionalization Factors for K-12 Compensation, As Passed Legislature, 2018 Supplemental Omnibus Operating Budget, 2018-03-06 (fiscal.wa.gov/leapdocs/2018L3.pdf); experience flag from italics"
18400,5305760,North Kitsap,1.18,1.18,1.18,1.18,1.18,1.18,1.18,1.18,1.18,1.18,0,0,"LEAP Document 3, Regionalization Factors for K-12 Compensation, As Passed Legislature, 2018 Supplemental Omnibus Operating Budget, 2018-03-06 (fiscal.wa.gov/leapdocs/2018L3.pdf); experience flag from italics"
18401,5301080,Central Kitsap,1.18,1.18,1.18,1.18,1.18,1.18,1.18,1.18,1.18,1.18,0,0,"LEAP Document 3, Regionalization Factors for K-12 Compensation, As Passed Legislature, 2018 Supplemental Omnibus Operating Budget, 2018-03-06 (fiscal.wa.gov/leapdocs/2018L3.pdf); experience flag from italics"
18402,5308160,South Kitsap,1.18,1.18,1.18,1.18,1.18,1.18,1.18,1.18,1.18,1.18,0,0,"LEAP Document 3, Regionalization Factors for K-12 Compensation, As Passed Legislature, 2018 Supplemental Omnibus Operating Budget, 2018-03-06 (fiscal.wa.gov/leapdocs/2018L3.pdf); experience flag from italics"
19007,5301950,Damman,1.00,1.00,1.00,1.00,1.00,1.00,1.00,1.00,1.00,1.00,0,0,"LEAP Document 3, Regionalization Factors for K-12 Compensation, As Passed Legislature, 2018 Supplemental Omnibus Operating Budget, 2018-03-06 (fiscal.wa.gov/leapdocs/2018L3.pdf); experience flag from italics"
19028,5302340,Easton,1.00,1.00,1.00,1.00,1.00,1.00,1.00,1.00,1.00,1.00,0,0,"LEAP Document 3, Regionalization Factors for K-12 Compensation, As Passed Legislature, 2018 Supplemental Omnibus Operating Budget, 2018-03-06 (fiscal.wa.gov/leapdocs/2018L3.pdf); experience flag from italics"
19400,5308850,Thorp,1.00,1.00,1.00,1.00,1.00,1.00,1.00,1.00,1.00,1.00,0,0,"LEAP Document 3, Regionalization Factors for K-12 Compensation, As Passed Legislature, 2018 Supplemental Omnibus Operating Budget, 2018-03-06 (fiscal.wa.gov/leapdocs/2018L3.pdf); experience flag from italics"
19401,5302460,Ellensburg,1.00,1.00,1.00,1.00,1.00,1.00,1.00,1.00,1.00,1.00,0,0,"LEAP Document 3, Regionalization Factors for K-12 Compensation, As Passed Legislature, 2018 Supplemental Omnibus Operating Budget, 2018-03-06 (fiscal.wa.gov/leapdocs/2018L3.pdf); experience flag from italics"
19403,5304050,Kittitas,1.00,1.00,1.00,1.00,1.00,1.00,1.00,1.00,1.00,1.00,0,0,"LEAP Document 3, Regionalization Factors for K-12 Compensation, As Passed Legislature, 2018 Supplemental Omnibus Operating Budget, 2018-03-06 (fiscal.wa.gov/leapdocs/2018L3.pdf); experience flag from italics"
19404,5301350,Cle Elum-Roslyn,1.00,1.00,1.00,1.00,1.00,1.00,1.00,1.00,1.00,1.00,0,0,"LEAP Document 3, Regionalization Factors for K-12 Compensation, As Passed Legislature, 2018 Supplemental Omnibus Operating Budget, 2018-03-06 (fiscal.wa.gov/leapdocs/2018L3.pdf); experience flag from italics"
20094,5310020,Wishram,1.00,1.00,1.00,1.00,1.00,1.00,1.00,1.00,1.00,1.00,0,0,"LEAP Document 3, Regionalization Factors for K-12 Compensation, As Passed Legislature, 2018 Supplemental Omnibus Operating Budget, 2018-03-06 (fiscal.wa.gov/leapdocs/2018L3.pdf); experience flag from italics"
20203,5300510,Bickleton,1.00,1.00,1.00,1.00,1.00,1.00,1.00,1.00,1.00,1.00,0,0,"LEAP Document 3, Regionalization Factors for K-12 Compensation, As Passed Legislature, 2018 Supplemental Omnibus Operating Budget, 2018-03-06 (fiscal.wa.gov/leapdocs/2018L3.pdf); experience flag from italics"
20215,5301050,Centerville,1.00,1.04,1.04,1.04,1.04,1.00,1.00,1.00,1.00,1.00,1,0,"LEAP Document 3, Regionalization Factors for K-12 Compensation, As Passed Legislature, 2018 Supplemental Omnibus Operating Budget, 2018-03-06 (fiscal.wa.gov/leapdocs/2018L3.pdf); experience flag from italics"
20400,5309060,Trout Lake,1.00,1.00,1.00,1.00,1.00,1.00,1.00,1.00,1.00,1.00,0,0,"LEAP Document 3, Regionalization Factors for K-12 Compensation, As Passed Legislature, 2018 Supplemental Omnibus Operating Budget, 2018-03-06 (fiscal.wa.gov/leapdocs/2018L3.pdf); experience flag from italics"
20401,5303030,Glenwood,1.00,1.04,1.04,1.04,1.04,1.00,1.00,1.00,1.00,1.00,1,0,"LEAP Document 3, Regionalization Factors for K-12 Compensation, As Passed Legislature, 2018 Supplemental Omnibus Operating Budget, 2018-03-06 (fiscal.wa.gov/leapdocs/2018L3.pdf); experience flag from italics"
20402,5304080,Klickitat,1.00,1.04,1.04,1.04,1.04,1.00,1.00,1.00,1.00,1.00,1,0,"LEAP Document 3, Regionalization Factors for K-12 Compensation, As Passed Legislature, 2018 Supplemental Omnibus Operating Budget, 2018-03-06 (fiscal.wa.gov/leapdocs/2018L3.pdf); experience flag from italics"
20403,5307530,Roosevelt,1.00,1.00,1.00,1.00,1.00,1.00,1.00,1.00,1.00,1.00,0,0,"LEAP Document 3, Regionalization Factors for K-12 Compensation, As Passed Legislature, 2018 Supplemental Omnibus Operating Budget, 2018-03-06 (fiscal.wa.gov/leapdocs/2018L3.pdf); experience flag from italics"
20404,5303090,Goldendale,1.00,1.00,1.00,1.00,1.00,1.00,1.00,1.00,1.00,1.00,0,0,"LEAP Document 3, Regionalization Factors for K-12 Compensation, As Passed Legislature, 2018 Supplemental Omnibus Operating Budget, 2018-03-06 (fiscal.wa.gov/leapdocs/2018L3.pdf); experience flag from italics"
20405,5309810,White Salmon,1.00,1.00,1.00,1.00,1.00,1.00,1.00,1.00,1.00,1.00,0,0,"LEAP Document 3, Regionalization Factors for K-12 Compensation, As Passed Legislature, 2018 Supplemental Omnibus Operating Budget, 2018-03-06 (fiscal.wa.gov/leapdocs/2018L3.pdf); experience flag from italics"
20406,5304590,Lyle,1.00,1.00,1.00,1.00,1.00,1.00,1.00,1.00,1.00,1.00,0,0,"LEAP Document 3, Regionalization Factors for K-12 Compensation, As Passed Legislature, 2018 Supplemental Omnibus Operating Budget, 2018-03-06 (fiscal.wa.gov/leapdocs/2018L3.pdf); experience flag from italics"
21014,5305490,Napavine,1.00,1.00,1.00,1.00,1.00,1.00,1.00,1.00,1.00,1.00,0,0,"LEAP Document 3, Regionalization Factors for K-12 Compensation, As Passed Legislature, 2018 Supplemental Omnibus Operating Budget, 2018-03-06 (fiscal.wa.gov/leapdocs/2018L3.pdf); experience flag from italics"
21036,5302640,Evaline,1.00,1.00,1.00,1.00,1.00,1.00,1.00,1.00,1.00,1.00,0,0,"LEAP Document 3, Regionalization Factors for K-12 Compensation, As Passed Legislature, 2018 Supplemental Omnibus Operating Budget, 2018-03-06 (fiscal.wa.gov/leapdocs/2018L3.pdf); experience flag from italics"
21206,5305250,Mossyrock,1.00,1.00,1.00,1.00,1.00,1.00,1.00,1.00,1.00,1.00,0,0,"LEAP Document 3, Regionalization Factors for K-12 Compensation, As Passed Legislature, 2018 Supplemental Omnibus Operating Budget, 2018-03-06 (fiscal.wa.gov/leapdocs/2018L3.pdf); experience flag from italics"
21214,5305190,Morton,1.00,1.00,1.00,1.00,1.00,1.00,1.00,1.00,1.00,1.00,0,0,"LEAP Document 3, Regionalization Factors for K-12 Compensation, As Passed Legislature, 2018 Supplemental Omnibus Operating Budget, 2018-03-06 (fiscal.wa.gov/leapdocs/2018L3.pdf); experience flag from italics"
21226,5300060,Adna,1.00,1.04,1.04,1.04,1.04,1.00,1.00,1.00,1.00,1.00,1,0,"LEAP Document 3, Regionalization Factors for K-12 Compensation, As Passed Legislature, 2018 Supplemental Omnibus Operating Budget, 2018-03-06 (fiscal.wa.gov/leapdocs/2018L3.pdf); experience flag from italics"
21232,5309930,Winlock,1.00,1.04,1.04,1.04,1.04,1.00,1.00,1.00,1.00,1.00,1,0,"LEAP Document 3, Regionalization Factors for K-12 Compensation, As Passed Legislature, 2018 Supplemental Omnibus Operating Budget, 2018-03-06 (fiscal.wa.gov/leapdocs/2018L3.pdf); experience flag from italics"
21234,5300630,Boistfort,1.00,1.00,1.00,1.00,1.00,1.00,1.00,1.00,1.00,1.00,0,0,"LEAP Document 3, Regionalization Factors for K-12 Compensation, As Passed Legislature, 2018 Supplemental Omnibus Operating Budget, 2018-03-06 (fiscal.wa.gov/leapdocs/2018L3.pdf); experience flag from italics"
21237,5308910,Toledo,1.00,1.04,1.04,1.04,1.04,1.00,1.00,1.00,1.00,1.00,1,0,"LEAP Document 3, Regionalization Factors for K-12 Compensation, As Passed Legislature, 2018 Supplemental Omnibus Operating Budget, 2018-03-06 (fiscal.wa.gov/leapdocs/2018L3.pdf); experience flag from italics"
21300,5306240,Onalaska,1.00,1.00,1.00,1.00,1.00,1.00,1.00,1.00,1.00,1.00,0,0,"LEAP Document 3, Regionalization Factors for K-12 Compensation, As Passed Legislature, 2018 Supplemental Omnibus Operating Budget, 2018-03-06 (fiscal.wa.gov/leapdocs/2018L3.pdf); experience flag from italics"
21301,5306660,Pe Ell,1.00,1.04,1.04,1.04,1.04,1.00,1.00,1.00,1.00,1.00,1,0,"LEAP Document 3, Regionalization Factors for K-12 Compensation, As Passed Legislature, 2018 Supplemental Omnibus Operating Budget, 2018-03-06 (fiscal.wa.gov/leapdocs/2018L3.pdf); experience flag from italics"
21302,5301170,Chehalis,1.00,1.04,1.04,1.04,1.04,1.00,1.00,1.00,1.00,1.00,1,0,"LEAP Document 3, Regionalization Factors for K-12 Compensation, As Passed Legislature, 2018 Supplemental Omnibus Operating Budget, 2018-03-06 (fiscal.wa.gov/leapdocs/2018L3.pdf); experience flag from italics"
21303,5309750,White Pass,1.00,1.00,1.00,1.00,1.00,1.00,1.00,1.00,1.00,1.00,0,0,"LEAP Document 3, Regionalization Factors for K-12 Compensation, As Passed Legislature, 2018 Supplemental Omnibus Operating Budget, 2018-03-06 (fiscal.wa.gov/leapdocs/2018L3.pdf); experience flag from italics"
21401,5301140,Centralia,1.00,1.00,1.00,1.00,1.00,1.00,1.00,1.00,1.00,1.00,0,0,"LEAP Document 3, Regionalization Factors for K-12 Compensation, As Passed Legislature, 2018 Supplemental Omnibus Operating Budget, 2018-03-06 (fiscal.wa.gov/leapdocs/2018L3.pdf); experience flag from italics"
22008,5308280,Sprague,1.00,1.00,1.00,1.00,1.00,1.00,1.00,1.00,1.00,1.00,0,0,"LEAP Document 3, Regionalization Factors for K-12 Compensation, As Passed Legislature, 2018 Supplemental Omnibus Operating Budget, 2018-03-06 (fiscal.wa.gov/leapdocs/2018L3.pdf); experience flag from italics"
22009,5307210,Reardan-Edwall,1.00,1.00,1.00,1.00,1.00,1.00,1.00,1.00,1.00,1.00,0,0,"LEAP Document 3, Regionalization Factors for K-12 Compensation, As Passed Legislature, 2018 Supplemental Omnibus Operating Budget, 2018-03-06 (fiscal.wa.gov/leapdocs/2018L3.pdf); experience flag from italics"
22017,5300090,Almira,1.00,1.04,1.04,1.04,1.04,1.00,1.00,1.00,1.00,1.00,1,0,"LEAP Document 3, Regionalization Factors for K-12 Compensation, As Passed Legislature, 2018 Supplemental Omnibus Operating Budget, 2018-03-06 (fiscal.wa.gov/leapdocs/2018L3.pdf); experience flag from italics"
22073,5301860,Creston,1.00,1.04,1.04,1.04,1.04,1.00,1.00,1.00,1.00,1.00,1,0,"LEAP Document 3, Regionalization Factors for K-12 Compensation, As Passed Legislature, 2018 Supplemental Omnibus Operating Budget, 2018-03-06 (fiscal.wa.gov/leapdocs/2018L3.pdf); experience flag from italics"
22105,5306120,Odessa,1.06,1.10,1.09,1.08,1.07,1.06,1.06,1.05,1.04,1.03,1,0,"LEAP Document 3, Regionalization Factors for K-12 Compensation, As Passed Legislature, 2018 Supplemental Omnibus Operating Budget, 2018-03-06 (fiscal.wa.gov/leapdocs/2018L3.pdf); experience flag from italics"
22200,5309840,Wilbur,1.00,1.00,1.00,1.00,1.00,1.00,1.00,1.00,1.00,1.00,0,0,"LEAP Document 3, Regionalization Factors for K-12 Compensation, As Passed Legislature, 2018 Supplemental Omnibus Operating Budget, 2018-03-06 (fiscal.wa.gov/leapdocs/2018L3.pdf); experience flag from italics"
22204,5303360,Harrington,1.00,1.04,1.04,1.04,1.04,1.00,1.00,1.00,1.00,1.00,1,0,"LEAP Document 3, Regionalization Factors for K-12 Compensation, As Passed Legislature, 2018 Supplemental Omnibus Operating Budget, 2018-03-06 (fiscal.wa.gov/leapdocs/2018L3.pdf); experience flag from italics"
22207,5302010,Davenport,1.00,1.00,1.00,1.00,1.00,1.00,1.00,1.00,1.00,1.00,0,0,"LEAP Document 3, Regionalization Factors for K-12 Compensation, As Passed Legislature, 2018 Supplemental Omnibus Operating Budget, 2018-03-06 (fiscal.wa.gov/leapdocs/2018L3.pdf); experience flag from italics"
23042,5308220,Southside,1.00,1.00,1.00,1.00,1.00,1.00,1.00,1.00,1.00,1.00,0,0,"LEAP Document 3, Regionalization Factors for K-12 Compensation, As Passed Legislature, 2018 Supplemental Omnibus Operating Budget, 2018-03-06 (fiscal.wa.gov/leapdocs/2018L3.pdf); experience flag from italics"
23054,5303240,Grapeview,1.00,1.00,1.00,1.00,1.00,1.00,1.00,1.00,1.00,1.00,0,0,"LEAP Document 3, Regionalization Factors for K-12 Compensation, As Passed Legislature, 2018 Supplemental Omnibus Operating Budget, 2018-03-06 (fiscal.wa.gov/leapdocs/2018L3.pdf); experience flag from italics"
23309,5307900,Shelton,1.00,1.00,1.00,1.00,1.00,1.00,1.00,1.00,1.00,1.00,0,0,"LEAP Document 3, Regionalization Factors for K-12 Compensation, As Passed Legislature, 2018 Supplemental Omnibus Operating Budget, 2018-03-06 (fiscal.wa.gov/leapdocs/2018L3.pdf); experience flag from italics"
23311,5304800,Mary M. Knight,1.00,1.00,1.00,1.00,1.00,1.00,1.00,1.00,1.00,1.00,0,0,"LEAP Document 3, Regionalization Factors for K-12 Compensation, As Passed Legislature, 2018 Supplemental Omnibus Operating Budget, 2018-03-06 (fiscal.wa.gov/leapdocs/2018L3.pdf); experience flag from italics"
23402,5306750,Pioneer,1.00,1.00,1.00,1.00,1.00,1.00,1.00,1.00,1.00,1.00,0,0,"LEAP Document 3, Regionalization Factors for K-12 Compensation, As Passed Legislature, 2018 Supplemental Omnibus Operating Budget, 2018-03-06 (fiscal.wa.gov/leapdocs/2018L3.pdf); experience flag from italics"
23403,5305790,North Mason,1.06,1.06,1.06,1.06,1.06,1.06,1.06,1.06,1.06,1.06,0,1,"LEAP Document 3, Regionalization Factors for K-12 Compensation, As Passed Legislature, 2018 Supplemental Omnibus Operating Budget, 2018-03-06 (fiscal.wa.gov/leapdocs/2018L3.pdf); experience flag from italics"
23404,5303600,Hood Canal,1.00,1.00,1.00,1.00,1.00,1.00,1.00,1.00,1.00,1.00,0,0,"LEAP Document 3, Regionalization Factors for K-12 Compensation, As Passed Legislature, 2018 Supplemental Omnibus Operating Budget, 2018-03-06 (fiscal.wa.gov/leapdocs/2018L3.pdf); experience flag from italics"
24014,5305550,Nespelem,1.00,1.00,1.00,1.00,1.00,1.00,1.00,1.00,1.00,1.00,0,0,"LEAP Document 3, Regionalization Factors for K-12 Compensation, As Passed Legislature, 2018 Supplemental Omnibus Operating Budget, 2018-03-06 (fiscal.wa.gov/leapdocs/2018L3.pdf); experience flag from italics"
24019,5306220,Omak,1.00,1.00,1.00,1.00,1.00,1.00,1.00,1.00,1.00,1.00,0,0,"LEAP Document 3, Regionalization Factors for K-12 Compensation, As Passed Legislature, 2018 Supplemental Omnibus Operating Budget, 2018-03-06 (fiscal.wa.gov/leapdocs/2018L3.pdf); experience flag from italics"
24105,5306150,Okanogan,1.00,1.04,1.04,1.04,1.04,1.00,1.00,1.00,1.00,1.00,1,0,"LEAP Document 3, Regionalization Factors for K-12 Compensation, As Passed Legislature, 2018 Supplemental Omnibus Operating Budget, 2018-03-06 (fiscal.wa.gov/leapdocs/2018L3.pdf); experience flag from italics"
24111,5300690,Brewster,1.00,1.00,1.00,1.00,1.00,1.00,1.00,1.00,1.00,1.00,0,0,"LEAP Document 3, Regionalization Factors for K-12 Compensation, As Passed Legislature, 2018 Supplemental Omnibus Operating Budget, 2018-03-06 (fiscal.wa.gov/leapdocs/2018L3.pdf); experience flag from italics"
24122,5306600,Pateros,1.00,1.04,1.04,1.04,1.04,1.00,1.00,1.00,1.00,1.00,1,0,"LEAP Document 3, Regionalization Factors for K-12 Compensation, As Passed Legislature, 2018 Supplemental Omnibus Operating Budget, 2018-03-06 (fiscal.wa.gov/leapdocs/2018L3.pdf); experience flag from italics"
24350,5305020,Methow Valley,1.00,1.00,1.00,1.00,1.00,1.00,1.00,1.00,1.00,1.00,0,0,"LEAP Document 3, Regionalization Factors for K-12 Compensation, As Passed Legislature, 2018 Supplemental Omnibus Operating Budget, 2018-03-06 (fiscal.wa.gov/leapdocs/2018L3.pdf); experience flag from italics"
24404,5308940,Tonasket,1.00,1.00,1.00,1.00,1.00,1.00,1.00,1.00,1.00,1.00,0,0,"LEAP Document 3, Regionalization Factors for K-12 Compensation, As Passed Legislature, 2018 Supplemental Omnibus Operating Budget, 2018-03-06 (fiscal.wa.gov/leapdocs/2018L3.pdf); experience flag from italics"
24410,5306420,Oroville,1.00,1.00,1.00,1.00,1.00,1.00,1.00,1.00,1.00,1.00,0,0,"LEAP Document 3, Regionalization Factors for K-12 Compensation, As Passed Legislature, 2018 Supplemental Omnibus Operating Budget, 2018-03-06 (fiscal.wa.gov/leapdocs/2018L3.pdf); experience flag from italics"
25101,5306060,Ocean Beach,1.00,1.00,1.00,1.00,1.00,1.00,1.00,1.00,1.00,1.00,0,0,"LEAP Document 3, Regionalization Factors for K-12 Compensation, As Passed Legislature, 2018 Supplemental Omnibus Operating Budget, 2018-03-06 (fiscal.wa.gov/leapdocs/2018L3.pdf); experience flag from italics"
25116,5307140,Raymond,1.00,1.00,1.00,1.00,1.00,1.00,1.00,1.00,1.00,1.00,0,0,"LEAP Document 3, Regionalization Factors for K-12 Compensation, As Passed Legislature, 2018 Supplemental Omnibus Operating Budget, 2018-03-06 (fiscal.wa.gov/leapdocs/2018L3.pdf); experience flag from italics"
25118,5308100,South Bend,1.00,1.00,1.00,1.00,1.00,1.00,1.00,1.00,1.00,1.00,0,0,"LEAP Document 3, Regionalization Factors for K-12 Compensation, As Passed Legislature, 2018 Supplemental Omnibus Operating Budget, 2018-03-06 (fiscal.wa.gov/leapdocs/2018L3.pdf); experience flag from italics"
25155,5305520,Naselle-Grays River Valley,1.00,1.04,1.04,1.04,1.04,1.00,1.00,1.00,1.00,1.00,1,0,"LEAP Document 3, Regionalization Factors for K-12 Compensation, As Passed Legislature, 2018 Supplemental Omnibus Operating Budget, 2018-03-06 (fiscal.wa.gov/leapdocs/2018L3.pdf); experience flag from italics"
25160,5309870,Willapa Valley,1.00,1.00,1.00,1.00,1.00,1.00,1.00,1.00,1.00,1.00,0,0,"LEAP Document 3, Regionalization Factors for K-12 Compensation, As Passed Legislature, 2018 Supplemental Omnibus Operating Budget, 2018-03-06 (fiscal.wa.gov/leapdocs/2018L3.pdf); experience flag from italics"
25200,5305820,North River,1.00,1.00,1.00,1.00,1.00,1.00,1.00,1.00,1.00,1.00,0,0,"LEAP Document 3, Regionalization Factors for K-12 Compensation, As Passed Legislature, 2018 Supplemental Omnibus Operating Budget, 2018-03-06 (fiscal.wa.gov/leapdocs/2018L3.pdf); experience flag from italics"
26056,5305610,Newport,1.00,1.00,1.00,1.00,1.00,1.00,1.00,1.00,1.00,1.00,0,0,"LEAP Document 3, Regionalization Factors for K-12 Compensation, As Passed Legislature, 2018 Supplemental Omnibus Operating Budget, 2018-03-06 (fiscal.wa.gov/leapdocs/2018L3.pdf); experience flag from italics"
26059,5301920,Cusick,1.00,1.00,1.00,1.00,1.00,1.00,1.00,1.00,1.00,1.00,0,0,"LEAP Document 3, Regionalization Factors for K-12 Compensation, As Passed Legislature, 2018 Supplemental Omnibus Operating Budget, 2018-03-06 (fiscal.wa.gov/leapdocs/2018L3.pdf); experience flag from italics"
26070,5307800,Selkirk,1.00,1.00,1.00,1.00,1.00,1.00,1.00,1.00,1.00,1.00,0,0,"LEAP Document 3, Regionalization Factors for K-12 Compensation, As Passed Legislature, 2018 Supplemental Omnibus Operating Budget, 2018-03-06 (fiscal.wa.gov/leapdocs/2018L3.pdf); experience flag from italics"
27001,5308460,Steilacoom Historical,1.06,1.06,1.05,1.04,1.03,1.06,1.06,1.05,1.04,1.03,0,0,"LEAP Document 3, Regionalization Factors for K-12 Compensation, As Passed Legislature, 2018 Supplemental Omnibus Operating Budget, 2018-03-06 (fiscal.wa.gov/leapdocs/2018L3.pdf); experience flag from italics"
27003,5306960,Puyallup,1.06,1.06,1.06,1.06,1.06,1.06,1.06,1.06,1.06,1.06,0,0,"LEAP Document 3, Regionalization Factors for K-12 Compensation, As Passed Legislature, 2018 Supplemental Omnibus Operating Budget, 2018-03-06 (fiscal.wa.gov/leapdocs/2018L3.pdf); experience flag from italics"
27010,5308700,Tacoma,1.12,1.12,1.12,1.12,1.12,1.12,1.12,1.12,1.12,1.12,0,0,"LEAP Document 3, Regionalization Factors for K-12 Compensation, As Passed Legislature, 2018 Supplemental Omnibus Operating Budget, 2018-03-06 (fiscal.wa.gov/leapdocs/2018L3.pdf); experience flag from italics"
27019,5300870,Carbonado,1.06,1.10,1.10,1.10,1.10,1.06,1.06,1.06,1.06,1.06,1,0,"LEAP Document 3, Regionalization Factors for K-12 Compensation, As Passed Legislature, 2018 Supplemental Omnibus Operating Budget, 2018-03-06 (fiscal.wa.gov/leapdocs/2018L3.pdf); experience flag from italics"
27083,5309180,University Place,1.06,1.10,1.10,1.10,1.10,1.06,1.06,1.06,1.06,1.06,1,0,"LEAP Document 3, Regionalization Factors for K-12 Compensation, As Passed Legislature, 2018 Supplemental Omnibus Operating Budget, 2018-03-06 (fiscal.wa.gov/leapdocs/2018L3.pdf); experience flag from italics"
27320,5308610,Sumner,1.12,1.12,1.12,1.12,1.12,1.12,1.12,1.12,1.12,1.12,0,0,"LEAP Document 3, Regionalization Factors for K-12 Compensation, As Passed Legislature, 2018 Supplemental Omnibus Operating Budget, 2018-03-06 (fiscal.wa.gov/leapdocs/2018L3.pdf); experience flag from italics"
27343,5302130,Dieringer,1.12,1.16,1.16,1.16,1.16,1.12,1.12,1.12,1.12,1.12,1,0,"LEAP Document 3, Regionalization Factors for K-12 Compensation, As Passed Legislature, 2018 Supplemental Omnibus Operating Budget, 2018-03-06 (fiscal.wa.gov/leapdocs/2018L3.pdf); experience flag from italics"
27344,5306450,Orting,1.06,1.06,1.06,1.06,1.06,1.06,1.06,1.06,1.06,1.06,0,0,"LEAP Document 3, Regionalization Factors for K-12 Compensation, As Passed Legislature, 2018 Supplemental Omnibus Operating Budget, 2018-03-06 (fiscal.wa.gov/leapdocs/2018L3.pdf); experience flag from italics"
27400,5301410,Clover Park,1.06,1.06,1.06,1.06,1.06,1.06,1.06,1.06,1.06,1.06,0,0,"LEAP Document 3, Regionalization Factors for K-12 Compensation, As Passed Legislature, 2018 Supplemental Omnibus Operating Budget, 2018-03-06 (fiscal.wa.gov/leapdocs/2018L3.pdf); experience flag from italics"
27401,5306690,Peninsula,1.12,1.16,1.16,1.16,1.16,1.12,1.12,1.12,1.12,1.12,1,0,"LEAP Document 3, Regionalization Factors for K-12 Compensation, As Passed Legislature, 2018 Supplemental Omnibus Operating Budget, 2018-03-06 (fiscal.wa.gov/leapdocs/2018L3.pdf); experience flag from italics"
27402,5302940,Franklin Pierce,1.06,1.06,1.06,1.06,1.06,1.06,1.06,1.06,1.06,1.06,0,0,"LEAP Document 3, Regionalization Factors for K-12 Compensation, As Passed Legislature, 2018 Supplemental Omnibus Operating Budget, 2018-03-06 (fiscal.wa.gov/leapdocs/2018L3.pdf); experience flag from italics"
27403,5300480,Bethel,1.00,1.00,1.00,1.00,1.00,1.00,1.00,1.00,1.00,1.00,0,0,"LEAP Document 3, Regionalization Factors for K-12 Compensation, As Passed Legislature, 2018 Supplemental Omnibus Operating Budget, 2018-03-06 (fiscal.wa.gov/leapdocs/2018L3.pdf); experience flag from italics"
27404,5302370,Eatonville,1.00,1.00,1.00,1.00,1.00,1.00,1.00,1.00,1.00,1.00,0,0,"LEAP Document 3, Regionalization Factors for K-12 Compensation, As Passed Legislature, 2018 Supplemental Omnibus Operating Budget, 2018-03-06 (fiscal.wa.gov/leapdocs/2018L3.pdf); experience flag from italics"
27416,5309780,White River,1.06,1.06,1.06,1.06,1.06,1.06,1.06,1.06,1.06,1.06,0,0,"LEAP Document 3, Regionalization Factors for K-12 Compensation, As Passed Legislature, 2018 Supplemental Omnibus Operating Budget, 2018-03-06 (fiscal.wa.gov/leapdocs/2018L3.pdf); experience flag from italics"
27417,5302880,Fife,1.12,1.12,1.12,1.12,1.12,1.12,1.12,1.12,1.12,1.12,0,0,"LEAP Document 3, Regionalization Factors for K-12 Compensation, As Passed Legislature, 2018 Supplemental Omnibus Operating Budget, 2018-03-06 (fiscal.wa.gov/leapdocs/2018L3.pdf); experience flag from italics"
28010,5307860,Shaw Island,1.12,1.12,1.12,1.12,1.12,1.12,1.12,1.12,1.12,1.12,0,0,"LEAP Document 3, Regionalization Factors for K-12 Compensation, As Passed Legislature, 2018 Supplemental Omnibus Operating Budget, 2018-03-06 (fiscal.wa.gov/leapdocs/2018L3.pdf); experience flag from italics"
28137,5306300,Orcas Island,1.12,1.12,1.12,1.12,1.12,1.12,1.12,1.12,1.12,1.12,0,0,"LEAP Document 3, Regionalization Factors for K-12 Compensation, As Passed Legislature, 2018 Supplemental Omnibus Operating Budget, 2018-03-06 (fiscal.wa.gov/leapdocs/2018L3.pdf); experience flag from italics"
28144,5304530,Lopez Island,1.12,1.12,1.12,1.12,1.12,1.12,1.12,1.12,1.12,1.12,0,0,"LEAP Document 3, Regionalization Factors for K-12 Compensation, As Passed Legislature, 2018 Supplemental Omnibus Operating Budget, 2018-03-06 (fiscal.wa.gov/leapdocs/2018L3.pdf); experience flag from italics"
28149,5307650,San Juan Island,1.12,1.12,1.12,1.12,1.12,1.12,1.12,1.12,1.12,1.12,0,0,"LEAP Document 3, Regionalization Factors for K-12 Compensation, As Passed Legislature, 2018 Supplemental Omnibus Operating Budget, 2018-03-06 (fiscal.wa.gov/leapdocs/2018L3.pdf); experience flag from italics"
29011,5301660,Concrete,1.12,1.12,1.12,1.12,1.12,1.12,1.12,1.12,1.12,1.12,0,1,"LEAP Document 3, Regionalization Factors for K-12 Compensation, As Passed Legislature, 2018 Supplemental Omnibus Operating Budget, 2018-03-06 (fiscal.wa.gov/leapdocs/2018L3.pdf); experience flag from italics"
29100,5300780,Burlington-Edison,1.18,1.18,1.17,1.16,1.15,1.18,1.18,1.17,1.16,1.15,0,0,"LEAP Document 3, Regionalization Factors for K-12 Compensation, As Passed Legislature, 2018 Supplemental Omnibus Operating Budget, 2018-03-06 (fiscal.wa.gov/leapdocs/2018L3.pdf); experience flag from italics"
29101,5307740,Sedro-Woolley,1.12,1.12,1.12,1.12,1.12,1.12,1.12,1.12,1.12,1.12,0,1,"LEAP Document 3, Regionalization Factors for K-12 Compensation, As Passed Legislature, 2018 Supplemental Omnibus Operating Budget, 2018-03-06 (fiscal.wa.gov/leapdocs/2018L3.pdf); experience flag from italics"
29103,5300150,Anacortes,1.12,1.12,1.12,1.12,1.12,1.12,1.12,1.12,1.12,1.12,0,0,"LEAP Document 3, Regionalization Factors for K-12 Compensation, As Passed Legislature, 2018 Supplemental Omnibus Operating Budget, 2018-03-06 (fiscal.wa.gov/leapdocs/2018L3.pdf); experience flag from italics"
29311,5304110,La Conner,1.12,1.16,1.16,1.16,1.16,1.12,1.12,1.12,1.12,1.12,1,0,"LEAP Document 3, Regionalization Factors for K-12 Compensation, As Passed Legislature, 2018 Supplemental Omnibus Operating Budget, 2018-03-06 (fiscal.wa.gov/leapdocs/2018L3.pdf); experience flag from italics"
29317,5301680,Conway,1.12,1.16,1.15,1.14,1.13,1.12,1.12,1.11,1.10,1.09,1,0,"LEAP Document 3, Regionalization Factors for K-12 Compensation, As Passed Legislature, 2018 Supplemental Omnibus Operating Budget, 2018-03-06 (fiscal.wa.gov/leapdocs/2018L3.pdf); experience flag from italics"
29320,5305400,Mount Vernon,1.12,1.12,1.12,1.12,1.12,1.12,1.12,1.12,1.12,1.12,0,0,"LEAP Document 3, Regionalization Factors for K-12 Compensation, As Passed Legislature, 2018 Supplemental Omnibus Operating Budget, 2018-03-06 (fiscal.wa.gov/leapdocs/2018L3.pdf); experience flag from italics"
30002,5307950,Skamania,1.00,1.00,1.00,1.00,1.00,1.00,1.00,1.00,1.00,1.00,0,0,"LEAP Document 3, Regionalization Factors for K-12 Compensation, As Passed Legislature, 2018 Supplemental Omnibus Operating Budget, 2018-03-06 (fiscal.wa.gov/leapdocs/2018L3.pdf); experience flag from italics"
30029,5305340,Mount Pleasant,1.06,1.06,1.06,1.06,1.06,1.06,1.06,1.06,1.06,1.06,0,0,"LEAP Document 3, Regionalization Factors for K-12 Compensation, As Passed Legislature, 2018 Supplemental Omnibus Operating Budget, 2018-03-06 (fiscal.wa.gov/leapdocs/2018L3.pdf); experience flag from italics"
30031,5305040,Mill A,1.00,1.00,1.00,1.00,1.00,1.00,1.00,1.00,1.00,1.00,0,0,"LEAP Document 3, Regionalization Factors for K-12 Compensation, As Passed Legislature, 2018 Supplemental Omnibus Operating Budget, 2018-03-06 (fiscal.wa.gov/leapdocs/2018L3.pdf); experience flag from italics"
30303,5308520,Stevenson-Carson,1.00,1.00,1.00,1.00,1.00,1.00,1.00,1.00,1.00,1.00,0,0,"LEAP Document 3, Regionalization Factors for K-12 Compensation, As Passed Legislature, 2018 Supplemental Omnibus Operating Budget, 2018-03-06 (fiscal.wa.gov/leapdocs/2018L3.pdf); experience flag from italics"
31002,5302670,Everett,1.24,1.24,1.22,1.20,1.18,1.24,1.24,1.22,1.20,1.18,0,0,"LEAP Document 3, Regionalization Factors for K-12 Compensation, As Passed Legislature, 2018 Supplemental Omnibus Operating Budget, 2018-03-06 (fiscal.wa.gov/leapdocs/2018L3.pdf); experience flag from italics"
31004,5304200,Lake Stevens,1.24,1.24,1.22,1.20,1.18,1.24,1.24,1.22,1.20,1.18,0,0,"LEAP Document 3, Regionalization Factors for K-12 Compensation, As Passed Legislature, 2018 Supplemental Omnibus Operating Budget, 2018-03-06 (fiscal.wa.gov/leapdocs/2018L3.pdf); experience flag from italics"
31006,5305430,Mukilteo,1.24,1.24,1.22,1.20,1.18,1.24,1.24,1.22,1.20,1.18,0,0,"LEAP Document 3, Regionalization Factors for K-12 Compensation, As Passed Legislature, 2018 Supplemental Omnibus Operating Budget, 2018-03-06 (fiscal.wa.gov/leapdocs/2018L3.pdf); experience flag from italics"
31015,5302400,Edmonds,1.18,1.18,1.18,1.18,1.18,1.18,1.18,1.18,1.18,1.18,0,0,"LEAP Document 3, Regionalization Factors for K-12 Compensation, As Passed Legislature, 2018 Supplemental Omnibus Operating Budget, 2018-03-06 (fiscal.wa.gov/leapdocs/2018L3.pdf); experience flag from italics"
31016,5300240,Arlington,1.18,1.18,1.17,1.16,1.15,1.18,1.18,1.17,1.16,1.15,0,0,"LEAP Document 3, Regionalization Factors for K-12 Compensation, As Passed Legislature, 2018 Supplemental Omnibus Operating Budget, 2018-03-06 (fiscal.wa.gov/leapdocs/2018L3.pdf); experience flag from italics"
31025,5304860,Marysville,1.18,1.18,1.17,1.16,1.15,1.18,1.18,1.17,1.16,1.15,0,0,"LEAP Document 3, Regionalization Factors for K-12 Compensation, As Passed Legislature, 2018 Supplemental Omnibus Operating Budget, 2018-03-06 (fiscal.wa.gov/leapdocs/2018L3.pdf); experience flag from italics"
31063,5303720,Index,1.12,1.12,1.12,1.12,1.12,1.12,1.12,1.12,1.12,1.12,0,0,"LEAP Document 3, Regionalization Factors for K-12 Compensation, As Passed Legislature, 2018 Supplemental Omnibus Operating Budget, 2018-03-06 (fiscal.wa.gov/leapdocs/2018L3.pdf); experience flag from italics"
31103,5305130,Monroe,1.18,1.18,1.18,1.18,1.18,1.18,1.18,1.18,1.18,1.18,0,0,"LEAP Document 3, Regionalization Factors for K-12 Compensation, As Passed Legislature, 2018 Supplemental Omnibus Operating Budget, 2018-03-06 (fiscal.wa.gov/leapdocs/2018L3.pdf); experience flag from italics"
31201,5308020,Snohomish,1.24,1.24,1.22,1.20,1.18,1.24,1.24,1.22,1.20,1.18,0,0,"LEAP Document 3, Regionalization Factors for K-12 Compensation, As Passed Legislature, 2018 Supplemental Omnibus Operating Budget, 2018-03-06 (fiscal.wa.gov/leapdocs/2018L3.pdf); experience flag from italics"
31306,5304260,Lakewood,1.18,1.18,1.17,1.16,1.15,1.18,1.18,1.17,1.16,1.15,0,0,"LEAP Document 3, Regionalization Factors for K-12 Compensation, As Passed Legislature, 2018 Supplemental Omnibus Operating Budget, 2018-03-06 (fiscal.wa.gov/leapdocs/2018L3.pdf); experience flag from italics"
31311,5308550,Sultan,1.18,1.18,1.18,1.18,1.18,1.18,1.18,1.18,1.18,1.18,0,0,"LEAP Document 3, Regionalization Factors for K-12 Compensation, As Passed Legislature, 2018 Supplemental Omnibus Operating Budget, 2018-03-06 (fiscal.wa.gov/leapdocs/2018L3.pdf); experience flag from italics"
31330,5301980,Darrington,1.12,1.12,1.12,1.12,1.12,1.12,1.12,1.12,1.12,1.12,0,0,"LEAP Document 3, Regionalization Factors for K-12 Compensation, As Passed Legislature, 2018 Supplemental Omnibus Operating Budget, 2018-03-06 (fiscal.wa.gov/leapdocs/2018L3.pdf); experience flag from italics"
31332,5303210,Granite Falls,1.12,1.12,1.12,1.12,1.12,1.12,1.12,1.12,1.12,1.12,0,0,"LEAP Document 3, Regionalization Factors for K-12 Compensation, As Passed Legislature, 2018 Supplemental Omnibus Operating Budget, 2018-03-06 (fiscal.wa.gov/leapdocs/2018L3.pdf); experience flag from italics"
31401,5308340,Stanwood,1.18,1.22,1.21,1.20,1.19,1.18,1.18,1.17,1.16,1.15,1,0,"LEAP Document 3, Regionalization Factors for K-12 Compensation, As Passed Legislature, 2018 Supplemental Omnibus Operating Budget, 2018-03-06 (fiscal.wa.gov/leapdocs/2018L3.pdf); experience flag from italics"
32081,5308250,Spokane,1.06,1.06,1.05,1.04,1.03,1.06,1.06,1.05,1.04,1.03,0,0,"LEAP Document 3, Regionalization Factors for K-12 Compensation, As Passed Legislature, 2018 Supplemental Omnibus Operating Budget, 2018-03-06 (fiscal.wa.gov/leapdocs/2018L3.pdf); experience flag from italics"
32123,5306330,Orchard Prairie,1.00,1.00,1.00,1.00,1.00,1.00,1.00,1.00,1.00,1.00,0,0,"LEAP Document 3, Regionalization Factors for K-12 Compensation, As Passed Legislature, 2018 Supplemental Omnibus Operating Budget, 2018-03-06 (fiscal.wa.gov/leapdocs/2018L3.pdf); experience flag from italics"
32312,5303270,Great Northern,1.00,1.00,1.00,1.00,1.00,1.00,1.00,1.00,1.00,1.00,0,0,"LEAP Document 3, Regionalization Factors for K-12 Compensation, As Passed Legislature, 2018 Supplemental Omnibus Operating Budget, 2018-03-06 (fiscal.wa.gov/leapdocs/2018L3.pdf); experience flag from italics"
32325,5305640,Nine Mile Falls,1.00,1.00,1.00,1.00,1.00,1.00,1.00,1.00,1.00,1.00,0,0,"LEAP Document 3, Regionalization Factors for K-12 Compensation, As Passed Legislature, 2018 Supplemental Omnibus Operating Budget, 2018-03-06 (fiscal.wa.gov/leapdocs/2018L3.pdf); experience flag from italics"
32326,5304950,Medical Lake,1.00,1.00,1.00,1.00,1.00,1.00,1.00,1.00,1.00,1.00,0,0,"LEAP Document 3, Regionalization Factors for K-12 Compensation, As Passed Legislature, 2018 Supplemental Omnibus Operating Budget, 2018-03-06 (fiscal.wa.gov/leapdocs/2018L3.pdf); experience flag from italics"
32354,5304920,Mead,1.06,1.06,1.05,1.04,1.03,1.06,1.06,1.05,1.04,1.03,0,0,"LEAP Document 3, Regionalization Factors for K-12 Compensation, As Passed Legislature, 2018 Supplemental Omnibus Operating Budget, 2018-03-06 (fiscal.wa.gov/leapdocs/2018L3.pdf); experience flag from italics"
32356,5301110,Central Valley,1.00,1.00,1.00,1.00,1.00,1.00,1.00,1.00,1.00,1.00,0,0,"LEAP Document 3, Regionalization Factors for K-12 Compensation, As Passed Legislature, 2018 Supplemental Omnibus Operating Budget, 2018-03-06 (fiscal.wa.gov/leapdocs/2018L3.pdf); experience flag from italics"
32358,5302970,Freeman,1.00,1.04,1.04,1.04,1.04,1.00,1.00,1.00,1.00,1.00,1,0,"LEAP Document 3, Regionalization Factors for K-12 Compensation, As Passed Legislature, 2018 Supplemental Omnibus Operating Budget, 2018-03-06 (fiscal.wa.gov/leapdocs/2018L3.pdf); experience flag from italics"
32360,5301230,Cheney,1.00,1.00,1.00,1.00,1.00,1.00,1.00,1.00,1.00,1.00,0,0,"LEAP Document 3, Regionalization Factors for K-12 Compensation, As Passed Legislature, 2018 Supplemental Omnibus Operating Budget, 2018-03-06 (fiscal.wa.gov/leapdocs/2018L3.pdf); experience flag from italics"
32361,5302280,East Valley (Spokane),1.00,1.04,1.04,1.04,1.04,1.00,1.00,1.00,1.00,1.00,1,0,"LEAP Document 3, Regionalization Factors for K-12 Compensation, As Passed Legislature, 2018 Supplemental Omnibus Operating Budget, 2018-03-06 (fiscal.wa.gov/leapdocs/2018L3.pdf); experience flag from italics"
32362,5304380,Liberty,1.00,1.00,1.00,1.00,1.00,1.00,1.00,1.00,1.00,1.00,0,0,"LEAP Document 3, Regionalization Factors for K-12 Compensation, As Passed Legislature, 2018 Supplemental Omnibus Operating Budget, 2018-03-06 (fiscal.wa.gov/leapdocs/2018L3.pdf); experience flag from italics"
32363,5309690,West Valley (Spokane),1.00,1.00,1.00,1.00,1.00,1.00,1.00,1.00,1.00,1.00,0,0,"LEAP Document 3, Regionalization Factors for K-12 Compensation, As Passed Legislature, 2018 Supplemental Omnibus Operating Budget, 2018-03-06 (fiscal.wa.gov/leapdocs/2018L3.pdf); experience flag from italics"
32414,5302070,Deer Park,1.00,1.00,1.00,1.00,1.00,1.00,1.00,1.00,1.00,1.00,0,0,"LEAP Document 3, Regionalization Factors for K-12 Compensation, As Passed Legislature, 2018 Supplemental Omnibus Operating Budget, 2018-03-06 (fiscal.wa.gov/leapdocs/2018L3.pdf); experience flag from italics"
32416,5307440,Riverside,1.00,1.00,1.00,1.00,1.00,1.00,1.00,1.00,1.00,1.00,0,0,"LEAP Document 3, Regionalization Factors for K-12 Compensation, As Passed Legislature, 2018 Supplemental Omnibus Operating Budget, 2018-03-06 (fiscal.wa.gov/leapdocs/2018L3.pdf); experience flag from italics"
33030,5306270,Onion Creek,1.00,1.04,1.04,1.04,1.04,1.00,1.00,1.00,1.00,1.00,1,0,"LEAP Document 3, Regionalization Factors for K-12 Compensation, As Passed Legislature, 2018 Supplemental Omnibus Operating Budget, 2018-03-06 (fiscal.wa.gov/leapdocs/2018L3.pdf); experience flag from italics"
33036,5301260,Chewelah,1.00,1.00,1.00,1.00,1.00,1.00,1.00,1.00,1.00,1.00,0,0,"LEAP Document 3, Regionalization Factors for K-12 Compensation, As Passed Legislature, 2018 Supplemental Omnibus Operating Budget, 2018-03-06 (fiscal.wa.gov/leapdocs/2018L3.pdf); experience flag from italics"
33049,5309630,Wellpinit,1.00,1.00,1.00,1.00,1.00,1.00,1.00,1.00,1.00,1.00,0,0,"LEAP Document 3, Regionalization Factors for K-12 Compensation, As Passed Legislature, 2018 Supplemental Omnibus Operating Budget, 2018-03-06 (fiscal.wa.gov/leapdocs/2018L3.pdf); experience flag from italics"
33070,5309240,Valley,1.00,1.00,1.00,1.00,1.00,1.00,1.00,1.00,1.00,1.00,0,0,"LEAP Document 3, Regionalization Factors for K-12 Compensation, As Passed Legislature, 2018 Supplemental Omnibus Operating Budget, 2018-03-06 (fiscal.wa.gov/leapdocs/2018L3.pdf); experience flag from italics"
33115,5301630,Colville,1.00,1.04,1.04,1.04,1.04,1.00,1.00,1.00,1.00,1.00,1,0,"LEAP Document 3, Regionalization Factors for K-12 Compensation, As Passed Legislature, 2018 Supplemental Omnibus Operating Budget, 2018-03-06 (fiscal.wa.gov/leapdocs/2018L3.pdf); experience flag from italics"
33183,5304500,Loon Lake,1.00,1.00,1.00,1.00,1.00,1.00,1.00,1.00,1.00,1.00,0,0,"LEAP Document 3, Regionalization Factors for K-12 Compensation, As Passed Legislature, 2018 Supplemental Omnibus Operating Budget, 2018-03-06 (fiscal.wa.gov/leapdocs/2018L3.pdf); experience flag from italics"
33202,5308580,Summit Valley,1.00,1.00,1.00,1.00,1.00,1.00,1.00,1.00,1.00,1.00,0,0,"LEAP Document 3, Regionalization Factors for K-12 Compensation, As Passed Legislature, 2018 Supplemental Omnibus Operating Budget, 2018-03-06 (fiscal.wa.gov/leapdocs/2018L3.pdf); experience flag from italics"
33205,5302730,Evergreen (Stevens),1.00,1.00,1.00,1.00,1.00,1.00,1.00,1.00,1.00,1.00,0,0,"LEAP Document 3, Regionalization Factors for K-12 Compensation, As Passed Legislature, 2018 Supplemental Omnibus Operating Budget, 2018-03-06 (fiscal.wa.gov/leapdocs/2018L3.pdf); experience flag from italics"
33206,5301560,Columbia (Stevens),1.00,1.00,1.00,1.00,1.00,1.00,1.00,1.00,1.00,1.00,0,0,"LEAP Document 3, Regionalization Factors for K-12 Compensation, As Passed Legislature, 2018 Supplemental Omnibus Operating Budget, 2018-03-06 (fiscal.wa.gov/leapdocs/2018L3.pdf); experience flag from italics"
33207,5304830,Mary Walker,1.00,1.00,1.00,1.00,1.00,1.00,1.00,1.00,1.00,1.00,0,0,"LEAP Document 3, Regionalization Factors for K-12 Compensation, As Passed Legislature, 2018 Supplemental Omnibus Operating Budget, 2018-03-06 (fiscal.wa.gov/leapdocs/2018L3.pdf); experience flag from italics"
33211,5305880,Northport,1.00,1.00,1.00,1.00,1.00,1.00,1.00,1.00,1.00,1.00,0,0,"LEAP Document 3, Regionalization Factors for K-12 Compensation, As Passed Legislature, 2018 Supplemental Omnibus Operating Budget, 2018-03-06 (fiscal.wa.gov/leapdocs/2018L3.pdf); experience flag from italics"
33212,5303990,Kettle Falls,1.00,1.04,1.04,1.04,1.04,1.00,1.00,1.00,1.00,1.00,1,0,"LEAP Document 3, Regionalization Factors for K-12 Compensation, As Passed Legislature, 2018 Supplemental Omnibus Operating Budget, 2018-03-06 (fiscal.wa.gov/leapdocs/2018L3.pdf); experience flag from italics"
34002,5310140,Yelm,1.00,1.00,1.00,1.00,1.00,1.00,1.00,1.00,1.00,1.00,0,0,"LEAP Document 3, Regionalization Factors for K-12 Compensation, As Passed Legislature, 2018 Supplemental Omnibus Operating Budget, 2018-03-06 (fiscal.wa.gov/leapdocs/2018L3.pdf); experience flag from italics"
34003,5305850,North Thurston,1.06,1.06,1.05,1.04,1.03,1.06,1.06,1.05,1.04,1.03,0,0,"LEAP Document 3, Regionalization Factors for K-12 Compensation, As Passed Legislature, 2018 Supplemental Omnibus Operating Budget, 2018-03-06 (fiscal.wa.gov/leapdocs/2018L3.pdf); experience flag from italics"
34033,5309100,Tumwater,1.00,1.00,1.00,1.00,1.00,1.00,1.00,1.00,1.00,1.00,0,0,"LEAP Document 3, Regionalization Factors for K-12 Compensation, As Passed Legislature, 2018 Supplemental Omnibus Operating Budget, 2018-03-06 (fiscal.wa.gov/leapdocs/2018L3.pdf); experience flag from italics"
34111,5306180,Olympia,1.00,1.04,1.04,1.04,1.04,1.00,1.00,1.00,1.00,1.00,1,0,"LEAP Document 3, Regionalization Factors for K-12 Compensation, As Passed Legislature, 2018 Supplemental Omnibus Operating Budget, 2018-03-06 (fiscal.wa.gov/leapdocs/2018L3.pdf); experience flag from italics"
34307,5307110,Rainier,1.00,1.00,1.00,1.00,1.00,1.00,1.00,1.00,1.00,1.00,0,0,"LEAP Document 3, Regionalization Factors for K-12 Compensation, As Passed Legislature, 2018 Supplemental Omnibus Operating Budget, 2018-03-06 (fiscal.wa.gov/leapdocs/2018L3.pdf); experience flag from italics"
34324,5303330,Griffin,1.00,1.00,1.00,1.00,1.00,1.00,1.00,1.00,1.00,1.00,0,0,"LEAP Document 3, Regionalization Factors for K-12 Compensation, As Passed Legislature, 2018 Supplemental Omnibus Operating Budget, 2018-03-06 (fiscal.wa.gov/leapdocs/2018L3.pdf); experience flag from italics"
34401,5307470,Rochester,1.00,1.00,1.00,1.00,1.00,1.00,1.00,1.00,1.00,1.00,0,0,"LEAP Document 3, Regionalization Factors for K-12 Compensation, As Passed Legislature, 2018 Supplemental Omnibus Operating Budget, 2018-03-06 (fiscal.wa.gov/leapdocs/2018L3.pdf); experience flag from italics"
34402,5308820,Tenino,1.00,1.00,1.00,1.00,1.00,1.00,1.00,1.00,1.00,1.00,0,0,"LEAP Document 3, Regionalization Factors for K-12 Compensation, As Passed Legislature, 2018 Supplemental Omnibus Operating Budget, 2018-03-06 (fiscal.wa.gov/leapdocs/2018L3.pdf); experience flag from italics"
35200,5309330,Wahkiakum,1.00,1.04,1.04,1.04,1.04,1.00,1.00,1.00,1.00,1.00,1,0,"LEAP Document 3, Regionalization Factors for K-12 Compensation, As Passed Legislature, 2018 Supplemental Omnibus Operating Budget, 2018-03-06 (fiscal.wa.gov/leapdocs/2018L3.pdf); experience flag from italics"
36101,5302160,Dixie,1.00,1.00,1.00,1.00,1.00,1.00,1.00,1.00,1.00,1.00,0,0,"LEAP Document 3, Regionalization Factors for K-12 Compensation, As Passed Legislature, 2018 Supplemental Omnibus Operating Budget, 2018-03-06 (fiscal.wa.gov/leapdocs/2018L3.pdf); experience flag from italics"
36140,5309450,Walla Walla,1.00,1.04,1.04,1.04,1.04,1.00,1.00,1.00,1.00,1.00,1,0,"LEAP Document 3, Regionalization Factors for K-12 Compensation, As Passed Legislature, 2018 Supplemental Omnibus Operating Budget, 2018-03-06 (fiscal.wa.gov/leapdocs/2018L3.pdf); experience flag from italics"
36250,5301470,College Place,1.00,1.00,1.00,1.00,1.00,1.00,1.00,1.00,1.00,1.00,0,0,"LEAP Document 3, Regionalization Factors for K-12 Compensation, As Passed Legislature, 2018 Supplemental Omnibus Operating Budget, 2018-03-06 (fiscal.wa.gov/leapdocs/2018L3.pdf); experience flag from italics"
36300,5309000,Touchet,1.00,1.00,1.00,1.00,1.00,1.00,1.00,1.00,1.00,1.00,0,0,"LEAP Document 3, Regionalization Factors for K-12 Compensation, As Passed Legislature, 2018 Supplemental Omnibus Operating Budget, 2018-03-06 (fiscal.wa.gov/leapdocs/2018L3.pdf); experience flag from italics"
36400,5301590,Columbia (Walla Walla),1.00,1.04,1.04,1.04,1.04,1.00,1.00,1.00,1.00,1.00,1,0,"LEAP Document 3, Regionalization Factors for K-12 Compensation, As Passed Legislature, 2018 Supplemental Omnibus Operating Budget, 2018-03-06 (fiscal.wa.gov/leapdocs/2018L3.pdf); experience flag from italics"
36401,5309390,Waitsburg,1.00,1.00,1.00,1.00,1.00,1.00,1.00,1.00,1.00,1.00,0,0,"LEAP Document 3, Regionalization Factors for K-12 Compensation, As Passed Legislature, 2018 Supplemental Omnibus Operating Budget, 2018-03-06 (fiscal.wa.gov/leapdocs/2018L3.pdf); experience flag from italics"
36402,5306870,Prescott,1.00,1.00,1.00,1.00,1.00,1.00,1.00,1.00,1.00,1.00,0,0,"LEAP Document 3, Regionalization Factors for K-12 Compensation, As Passed Legislature, 2018 Supplemental Omnibus Operating Budget, 2018-03-06 (fiscal.wa.gov/leapdocs/2018L3.pdf); experience flag from italics"
37501,5300420,Bellingham,1.12,1.12,1.11,1.10,1.09,1.12,1.12,1.11,1.10,1.09,0,0,"LEAP Document 3, Regionalization Factors for K-12 Compensation, As Passed Legislature, 2018 Supplemental Omnibus Operating Budget, 2018-03-06 (fiscal.wa.gov/leapdocs/2018L3.pdf); experience flag from italics"
37502,5302850,Ferndale,1.12,1.12,1.11,1.10,1.09,1.12,1.12,1.11,1.10,1.09,0,0,"LEAP Document 3, Regionalization Factors for K-12 Compensation, As Passed Legislature, 2018 Supplemental Omnibus Operating Budget, 2018-03-06 (fiscal.wa.gov/leapdocs/2018L3.pdf); experience flag from italics"
37503,5300570,Blaine,1.12,1.16,1.16,1.16,1.16,1.12,1.12,1.12,1.12,1.12,1,0,"LEAP Document 3, Regionalization Factors for K-12 Compensation, As Passed Legislature, 2018 Supplemental Omnibus Operating Budget, 2018-03-06 (fiscal.wa.gov/leapdocs/2018L3.pdf); experience flag from italics"
37504,5304620,Lynden,1.06,1.06,1.06,1.06,1.06,1.06,1.06,1.06,1.06,1.06,0,0,"LEAP Document 3, Regionalization Factors for K-12 Compensation, As Passed Legislature, 2018 Supplemental Omnibus Operating Budget, 2018-03-06 (fiscal.wa.gov/leapdocs/2018L3.pdf); experience flag from italics"
37505,5305010,Meridian,1.06,1.06,1.06,1.06,1.06,1.06,1.06,1.06,1.06,1.06,0,0,"LEAP Document 3, Regionalization Factors for K-12 Compensation, As Passed Legislature, 2018 Supplemental Omnibus Operating Budget, 2018-03-06 (fiscal.wa.gov/leapdocs/2018L3.pdf); experience flag from italics"
37506,5305670,Nooksack Valley,1.06,1.06,1.06,1.06,1.06,1.06,1.06,1.06,1.06,1.06,0,0,"LEAP Document 3, Regionalization Factors for K-12 Compensation, As Passed Legislature, 2018 Supplemental Omnibus Operating Budget, 2018-03-06 (fiscal.wa.gov/leapdocs/2018L3.pdf); experience flag from italics"
37507,5305310,Mount Baker,1.12,1.12,1.12,1.12,1.12,1.12,1.12,1.12,1.12,1.12,0,1,"LEAP Document 3, Regionalization Factors for K-12 Compensation, As Passed Legislature, 2018 Supplemental Omnibus Operating Budget, 2018-03-06 (fiscal.wa.gov/leapdocs/2018L3.pdf); experience flag from italics"
38126,5304150,Lacrosse,1.00,1.04,1.04,1.04,1.04,1.00,1.00,1.00,1.00,1.00,1,0,"LEAP Document 3, Regionalization Factors for K-12 Compensation, As Passed Legislature, 2018 Supplemental Omnibus Operating Budget, 2018-03-06 (fiscal.wa.gov/leapdocs/2018L3.pdf); experience flag from italics"
38264,5304290,Lamont,1.00,1.00,1.00,1.00,1.00,1.00,1.00,1.00,1.00,1.00,0,0,"LEAP Document 3, Regionalization Factors for K-12 Compensation, As Passed Legislature, 2018 Supplemental Omnibus Operating Budget, 2018-03-06 (fiscal.wa.gov/leapdocs/2018L3.pdf); experience flag from italics"
38265,5308790,Tekoa,1.00,1.04,1.04,1.04,1.04,1.00,1.00,1.00,1.00,1.00,1,0,"LEAP Document 3, Regionalization Factors for K-12 Compensation, As Passed Legislature, 2018 Supplemental Omnibus Operating Budget, 2018-03-06 (fiscal.wa.gov/leapdocs/2018L3.pdf); experience flag from italics"
38267,5306930,Pullman,1.00,1.00,1.00,1.00,1.00,1.00,1.00,1.00,1.00,1.00,0,0,"LEAP Document 3, Regionalization Factors for K-12 Compensation, As Passed Legislature, 2018 Supplemental Omnibus Operating Budget, 2018-03-06 (fiscal.wa.gov/leapdocs/2018L3.pdf); experience flag from italics"
38300,5301440,Colfax,1.00,1.00,1.00,1.00,1.00,1.00,1.00,1.00,1.00,1.00,0,0,"LEAP Document 3, Regionalization Factors for K-12 Compensation, As Passed Legislature, 2018 Supplemental Omnibus Operating Budget, 2018-03-06 (fiscal.wa.gov/leapdocs/2018L3.pdf); experience flag from italics"
38301,5306540,Palouse,1.00,1.00,1.00,1.00,1.00,1.00,1.00,1.00,1.00,1.00,0,0,"LEAP Document 3, Regionalization Factors for K-12 Compensation, As Passed Legislature, 2018 Supplemental Omnibus Operating Budget, 2018-03-06 (fiscal.wa.gov/leapdocs/2018L3.pdf); experience flag from italics"
38302,5303000,Garfield,1.00,1.00,1.00,1.00,1.00,1.00,1.00,1.00,1.00,1.00,0,0,"LEAP Document 3, Regionalization Factors for K-12 Compensation, As Passed Legislature, 2018 Supplemental Omnibus Operating Budget, 2018-03-06 (fiscal.wa.gov/leapdocs/2018L3.pdf); experience flag from italics"
38304,5308490,Steptoe,1.00,1.00,1.00,1.00,1.00,1.00,1.00,1.00,1.00,1.00,0,0,"LEAP Document 3, Regionalization Factors for K-12 Compensation, As Passed Legislature, 2018 Supplemental Omnibus Operating Budget, 2018-03-06 (fiscal.wa.gov/leapdocs/2018L3.pdf); experience flag from italics"
38306,5301500,Colton,1.00,1.04,1.04,1.04,1.04,1.00,1.00,1.00,1.00,1.00,1,0,"LEAP Document 3, Regionalization Factors for K-12 Compensation, As Passed Legislature, 2018 Supplemental Omnibus Operating Budget, 2018-03-06 (fiscal.wa.gov/leapdocs/2018L3.pdf); experience flag from italics"
38308,5302520,Endicott,1.00,1.00,1.00,1.00,1.00,1.00,1.00,1.00,1.00,1.00,0,0,"LEAP Document 3, Regionalization Factors for K-12 Compensation, As Passed Legislature, 2018 Supplemental Omnibus Operating Budget, 2018-03-06 (fiscal.wa.gov/leapdocs/2018L3.pdf); experience flag from italics"
38320,5307560,Rosalia,1.00,1.04,1.04,1.04,1.04,1.00,1.00,1.00,1.00,1.00,1,0,"LEAP Document 3, Regionalization Factors for K-12 Compensation, As Passed Legislature, 2018 Supplemental Omnibus Operating Budget, 2018-03-06 (fiscal.wa.gov/leapdocs/2018L3.pdf); experience flag from italics"
38322,5308310,St. John,1.00,1.00,1.00,1.00,1.00,1.00,1.00,1.00,1.00,1.00,0,0,"LEAP Document 3, Regionalization Factors for K-12 Compensation, As Passed Legislature, 2018 Supplemental Omnibus Operating Budget, 2018-03-06 (fiscal.wa.gov/leapdocs/2018L3.pdf); experience flag from italics"
38324,5305970,Oakesdale,1.00,1.04,1.04,1.04,1.04,1.00,1.00,1.00,1.00,1.00,1,0,"LEAP Document 3, Regionalization Factors for K-12 Compensation, As Passed Legislature, 2018 Supplemental Omnibus Operating Budget, 2018-03-06 (fiscal.wa.gov/leapdocs/2018L3.pdf); experience flag from italics"
39002,5309150,Union Gap,1.00,1.00,1.00,1.00,1.00,1.00,1.00,1.00,1.00,1.00,0,0,"LEAP Document 3, Regionalization Factors for K-12 Compensation, As Passed Legislature, 2018 Supplemental Omnibus Operating Budget, 2018-03-06 (fiscal.wa.gov/leapdocs/2018L3.pdf); experience flag from italics"
39003,5305460,Naches Valley,1.00,1.00,1.00,1.00,1.00,1.00,1.00,1.00,1.00,1.00,0,0,"LEAP Document 3, Regionalization Factors for K-12 Compensation, As Passed Legislature, 2018 Supplemental Omnibus Operating Budget, 2018-03-06 (fiscal.wa.gov/leapdocs/2018L3.pdf); experience flag from italics"
39007,5310110,Yakima,1.00,1.00,1.00,1.00,1.00,1.00,1.00,1.00,1.00,1.00,0,0,"LEAP Document 3, Regionalization Factors for K-12 Compensation, As Passed Legislature, 2018 Supplemental Omnibus Operating Budget, 2018-03-06 (fiscal.wa.gov/leapdocs/2018L3.pdf); experience flag from italics"
39090,5305370,East Valley (Yakima),1.00,1.00,1.00,1.00,1.00,1.00,1.00,1.00,1.00,1.00,0,0,"LEAP Document 3, Regionalization Factors for K-12 Compensation, As Passed Legislature, 2018 Supplemental Omnibus Operating Budget, 2018-03-06 (fiscal.wa.gov/leapdocs/2018L3.pdf); experience flag from italics"
39119,5307770,Selah,1.00,1.00,1.00,1.00,1.00,1.00,1.00,1.00,1.00,1.00,0,0,"LEAP Document 3, Regionalization Factors for K-12 Compensation, As Passed Legislature, 2018 Supplemental Omnibus Operating Budget, 2018-03-06 (fiscal.wa.gov/leapdocs/2018L3.pdf); experience flag from italics"
39120,5304650,Mabton,1.00,1.00,1.00,1.00,1.00,1.00,1.00,1.00,1.00,1.00,0,0,"LEAP Document 3, Regionalization Factors for K-12 Compensation, As Passed Legislature, 2018 Supplemental Omnibus Operating Budget, 2018-03-06 (fiscal.wa.gov/leapdocs/2018L3.pdf); experience flag from italics"
39200,5303150,Grandview,1.00,1.00,1.00,1.00,1.00,1.00,1.00,1.00,1.00,1.00,0,0,"LEAP Document 3, Regionalization Factors for K-12 Compensation, As Passed Legislature, 2018 Supplemental Omnibus Operating Budget, 2018-03-06 (fiscal.wa.gov/leapdocs/2018L3.pdf); experience flag from italics"
39201,5308670,Sunnyside,1.00,1.00,1.00,1.00,1.00,1.00,1.00,1.00,1.00,1.00,0,0,"LEAP Document 3, Regionalization Factors for K-12 Compensation, As Passed Legislature, 2018 Supplemental Omnibus Operating Budget, 2018-03-06 (fiscal.wa.gov/leapdocs/2018L3.pdf); experience flag from italics"
39202,5308970,Toppenish,1.00,1.00,1.00,1.00,1.00,1.00,1.00,1.00,1.00,1.00,0,0,"LEAP Document 3, Regionalization Factors for K-12 Compensation, As Passed Legislature, 2018 Supplemental Omnibus Operating Budget, 2018-03-06 (fiscal.wa.gov/leapdocs/2018L3.pdf); experience flag from italics"
39203,5303510,Highland,1.00,1.00,1.00,1.00,1.00,1.00,1.00,1.00,1.00,1.00,0,0,"LEAP Document 3, Regionalization Factors for K-12 Compensation, As Passed Legislature, 2018 Supplemental Omnibus Operating Budget, 2018-03-06 (fiscal.wa.gov/leapdocs/2018L3.pdf); experience flag from italics"
39204,5303180,Granger,1.00,1.00,1.00,1.00,1.00,1.00,1.00,1.00,1.00,1.00,0,0,"LEAP Document 3, Regionalization Factors for K-12 Compensation, As Passed Legislature, 2018 Supplemental Omnibus Operating Budget, 2018-03-06 (fiscal.wa.gov/leapdocs/2018L3.pdf); experience flag from italics"
39205,5310170,Zillah,1.00,1.00,1.00,1.00,1.00,1.00,1.00,1.00,1.00,1.00,0,0,"LEAP Document 3, Regionalization Factors for K-12 Compensation, As Passed Legislature, 2018 Supplemental Omnibus Operating Budget, 2018-03-06 (fiscal.wa.gov/leapdocs/2018L3.pdf); experience flag from italics"
39207,5309480,Wapato,1.00,1.00,1.00,1.00,1.00,1.00,1.00,1.00,1.00,1.00,0,0,"LEAP Document 3, Regionalization Factors for K-12 Compensation, As Passed Legislature, 2018 Supplemental Omnibus Operating Budget, 2018-03-06 (fiscal.wa.gov/leapdocs/2018L3.pdf); experience flag from italics"
39208,5309720,West Valley (Yakima),1.06,1.06,1.05,1.04,1.03,1.06,1.06,1.05,1.04,1.03,0,0,"LEAP Document 3, Regionalization Factors for K-12 Compensation, As Passed Legislature, 2018 Supplemental Omnibus Operating Budget, 2018-03-06 (fiscal.wa.gov/leapdocs/2018L3.pdf); experience flag from italics"
39209,5305280,Mount Adams,1.00,1.00,1.00,1.00,1.00,1.00,1.00,1.00,1.00,1.00,0,0,"LEAP Document 3, Regionalization Factors for K-12 Compensation, As Passed Legislature, 2018 Supplemental Omnibus Operating Budget, 2018-03-06 (fiscal.wa.gov/leapdocs/2018L3.pdf); experience flag from italics"
